SequenceID	V_gene	V_identity	V_Evalue	D_gene	D_identity	D_Evalue	J_gene	J_identity	J_Evalue	Strand	Chain	Productive	CDR1_NT_sequence	CDR1_AA_sequence	CDR2_NT_sequence	CDR2_AA_sequence	CDR3_NT_sequence	CDR3_AA_sequence	Full_NT_sequence	Full_GL_NT_sequence	PHRED_scores	Full_AA_sequence	Full_NT_sequence_corrected	Full_AA_sequence_corrected	N_errors	
SRR3544218.1	IGHV1-58*01	89.66	3.85E-04	N/A	N/A	N/A	N/A	N/A	N/A	+	VH	True	N/A	N/A	N/A	N/A	N/A	N/A	GAGGACACTGCCATGTATTACTGCGCGGC	GAGGACACGGCCGTGTATTACTGTGCGGC	-,677DCEE9EF9EDF9EF9EE-E;@++8	EDTAMYYCA	GAGGACACNGCCATGTATTACTGCGCGGC	EDXAMYYCA	1	
SRR3544218.3	IGHV3-15*01	84.00	2.66E-09	N/A	N/A	N/A	N/A	N/A	N/A	+	VH	True	N/A	N/A	N/A	N/A	N/A	N/A	TCTTCAAATGAACAACCTGAAACCTGAGGACACAGCCATATATTCATGTA	TCTGCAAATGAACAGCCTGAAAACCGAGGACACAGCCGTGTATTACTGTA	@@CCCCACF99-C9<FFF8,-,CCF@,9--:,C,,C@,C,C,CCC,<,C,	LQMNNLKPEDTAIYSC	TCTTCAAATGAACAACCTGAAANCTGAGGACACAGCCATATATTCATGTA	LQMNNLKXEDTAIYSC	1	
SRR3544218.4	IGHV3-66*01	81.34	9.41E-33	N/A	N/A	N/A	N/A	N/A	N/A	-	VH	True	GGAAACTTCTACCGGAGCAGCTGC	GNFYRSSC	N/A	N/A	N/A	N/A	TGCAGCTGGTGGAGTCTGGGGGAGGCTCGGTGCAGGCTGGAGGGTCTCTCAGGCTCTACTGTGTAGCCTATGGAAACTTCTACCGGAGCAGCTGCATGGGCTGGTTCCGCCAGGCTCCAGGGAAGGAGCGCGAG	TGCAGCTGGTGGAGTCTGGGGGAGGCTTGGTCCAGCCTGGGGGGTCCCTGAGACTCTCCTGTGCAGCCTCTGGATTCACCGTCAGTAGCAACTACATGAGCTGGGTCCGCCAGGCTCCAGGGAAGGGGCTGGAG	,8,>3,,<B,<B5:,++>===BA>4+++9:,4,B+,,,?==C,:,,,,,,C9<,,,,,,,:,6,9:,,,,,@@<C<,,,,+@+,@@@:,E9,,C,:,B<C,8C8+++:C,,EEF@<-FGFFFGFEEFC@F7EFF	QLVESGGGSVQAGGSLRLYCVAYGNFYRSSCMGWFRQAPGKERE	TGCAGCTGGTGGAGTCTGGGGGAGGCTNGGTGCAGGCTGGAGGGTCTCTNAGGCTCTNCTGTGTAGCCTNTGGAAACTTCTACNGGAGCAGCTGCATGGGCTGGTTCCGCCAGGCTCCAGGGAAGGNGCGNGAG	QLVESGGGXVQAGGSXRLXCVAXGNFYXSSCMGWFRQAPGKXXE	7	
SRR3544218.5	IGHV3-53*04	75.52	6.78E-61	N/A	N/A	N/A	N/A	N/A	N/A	+	VH	False	GCGTACACCTACAGGGACAACTTC	AYTYRDNF	ATTGATAGTGATCGTAGCACA	IDSDRST	N/A	N/A	AGGTGCAGCTGGTGGAGTCTGGGGGAGGCTCGGTGCAGGCTGGAGGGTCTCTGCTACTCGCCTGTGCAGCAGTCTCTGCGTACACCTACAGGGACAACTTCATGTGCTGCTACCTCCCGGCTCCAGGCCAGGCGCGCGACTCGATTTCGTCTATTGATAGTGATCGTAGCACAACGTACAGAGATTCCGTTAAGGACCGATTCACCATCTCCCGTTATAACACCAAGAACCCTCTATATCTTCAAATTACCACCCTGAGTCCTTAGGTCACTGCCAAGTACTACTGTTCG	AGGTGCAGCTGGTGGAGTCTGGAGGAGGCTTGGTCCAGCCTGGGGGGTCCCTGAGACTCTCCTGTGCAGC---CTCTGGGTTCACCGTCAGTAGCAACTACATGAGCTGGGTCCGCCAGGCTCCAGGGAAGGGGCTGGAGTGGGTCTCAGTTATTTATAGCGGTGGTAGCACATACTACGCAGACTCCGTGAAGGGCCGATTCACCATCTCCAGACACAATTCCAAGAACACGCTGTATCTTCAAATGAACAGCCTGAGAGCTGAGGACACGGCCGTGTATTACTGTGCG	C@-C9F9AFGD8F97,-CFFC9-+++++8CC++8,@,,,7C,,,,,+8:CCD,,,,9:C6@@@,:,9,,6,,<69CC,9+8,8,9CC,9,,,,+:+,95,<,<,,,59,,:,99,:,+++468?,,,:8,++3+8+8++++++,::+:,:<>*@@,,7,,7,,7,*7,*5,7,,6*6,6*,,,,7;<B,?,**,,,6;**4;B+<<+3439<95;**3++5+<******2*22/:+<*0<<<:+*+2+++2**119***2*29***/*1*/1*10)))1**1*68*.44(	VQLVESGGGSVQAGGSLLLACAAVSAYTYRDNFMCCYLPAPGQARDSISSIDSDRSTTYRDSVKDRFTISRYNTKNPLYLQITTLSP*VTAKYYCS	AGGTGCAGCTGGTGGAGTCTGGGGGAGGCTCGGTNCAGGCTGGAGGGTCTCTGCTACTCGCCTGTGCAGCAGTCTCTGNGTACACCTACAGGGACAACTTCATGTGCTGCTACCTCCNGGCTCCAGGCCAGGCGCGCGACTCGATTTCGTCTATTGATAGTGATCGTAGCACAACGTACAGAGATTCCGTTAAGGACCGATTCACCATCTCCNGTTATAACNCCAAGAACNCTCTATATCTTCAAATTACCACCCTGAGTCCTNAGGNCACNGCCAAGTACTACTGTTCG	VQLVESGGGSXQAGGSLLLACAAVSXYTYRDNFMCCYLXAPGQARDSISSIDSDRSTTYRDSVKDRFTISXYNXKNXLYLQITTLSPXXXAKYYCS	9	
SRR3544218.6	IGHV3-23*04	73.50	7.36E-54	N/A	N/A	N/A	N/A	N/A	N/A	+	VH	False	TGATTCCCTTTTGATTATTCTTTT	*FPFDYSF	ATCAGCAGTGATGTTACTTCA	ISSDVTS	N/A	N/A	GTGCAGCTGGTGGAGTCTGGTGGAGGCTCGGTGCAGGCTGGATGTTCTCTTTTTCTCTCCTTTACAGCCTCTTGATTCCCTTTTGATTATTCTTTTATGGTCTTGTTCCGCCAGTCTCCAGGGAATGAGTGCGTGTTTGTCTCTAATATCAGC---AGTGATGTTACTTCATACTATGCAAATTCCGTGAAGTGCCGATTCACCATCTCCCAAGACAACCCCAATAACACGTTTTATCTGCAAATGAACAGCCTTATACCTGCGTACACGTCCCTCTCTTACT	GTGCAGCTGGTGGAGTCTGGGGGAGGCTTGGTACAGCCTGGGGGGTCCCTGAGACTCTCCTGTGCAGCCTCTGGATTCACCTTTAGCAGCTATGCCATGAGCTGGGTCCGCCAGGCTCCAGGGAAGGGGCTGGAGTGGGTCTCAGCTATTAGTGGTAGTGGTGGTAGCACATACTACGCAGACTCCGTGAAGGGCCGGTTCACCATCTCCAGAGACAATTCCAAGAACACGCTGTATCTGCAAATGAACAGCCTGAGAGCCGAGGACACGGCCGTATATTACT	9F-C9EFF88E97,@FFFA--,,,,,6@C++B,6,,,6;,,,,,,<6CCC,,,,6<@C<CC,<,,,,6:C@@,,,9<6,,66CC,,<,,<<,6,,<,<,,,,9,,:,<<,8,++,5:95,,,++,:,,,<,,+++8:,,:5B:,,,,,:5,,,   ,,:,,:,,9,,7,:,9,58,7,,,,,,93,,8+++,,,,8++8@@,,3,83;,35,,,,6,,3334**,,,,,6*44,4,55=,5,,,5+,+4,,**;**++2+:**2))2):)*2878)0)2;++3	VQLVESGGGSVQAGCSLFLSFTAS*FPFDYSFMVLFRQSPGNECVFVSNISXSDVTSYYANSVKCRFTISQDNPNNTFYLQMNSLIPAYTSLSY	GTGCAGCTGGTGGAGTCTGGNGGAGGCTCGGTGCAGGCTGGATGTTCTCTTTTTCTCTCCTTTACAGCCTCTTGATTCCCTTTTGATTATTCTTTTATGGTCTNGTTCCGCCAGTCTCCAGGGAATGAGTGCGTGTTTGTCTCTAATATCAGC--NAGTGATGTTACTTCATACTATGCAAATTCCGTGAAGNGCCGATTCACCATCTCCNAAGACAACCCCAATAACACGTTTTATCTGCAAATGAACAGCCTTATACCTGCGNACACGTCCCTCTNTTACT	VQLVESXGGSVQAGCSLFLSFTAS*FPFDYSFMVXFRQSPGNECVFVSNISXSDVTSYYANSVKXRFTISXDNPNNTFYLQMNSLIPAXTSLXY	7	
SRR3544218.7	IGHV3-66*02	69.23	3.40E-41	N/A	N/A	N/A	N/A	N/A	N/A	+	VH	True	GCTTCTACAGTAGTAACTTC	FYSSNF	ATTTCTACGACTGCCAATGGTAACCCC	ISTTANGNP	GCCTCTTCCCTAGACGGTGACCTGGTTCCCTTTCTTCTTTTTCCTTTCACCTGGAGTGTACTCTTTGACT	ASSLDGDLVPFLLFPFTWSVLFD	GTGCAGCTGGTGGAGTCTGGGGGAGGCTCGGTGCAAACTGGATGGTCTCTGCCTCTCTCCTTTACTTTCAG------CTTCTACAGTAGTAACTTCGTAGCCTTGTTCCTCCACACTCCATGGAAGCAGCGCGCGCGCGTCGCACCTATTTCTACGACTGCCAATGGTAACCCCTACTCTGCCGACTCCGTGAACCGCCGATTCCCCATCTCCCTAGACCACTCCAACAACACGCTATCTCTGCAACTCAACTACCTTACCACTGAGGACACTGCCGCCTATTACT	GTGCAGCTGGTGGAGTCTGGGGGAGGCTTGGTCCAGCCTGGGGGGTCCCTGAGACTCTCCTGTGCAGCCTCTGGATTCACCGTCAGTAGCAACTACATGAGCTGGGTCCGCCAGGCTCCAGGGAAGGGGCTGGAGTGGGTCTCAGTTATTTATAG------CGGTGGTAGCACATACTACGCAGACTCCGTGAAGGGCCGATTCACCATCTCCAGAGACAATTCCAAGAACACGCTGTATCTTCAAATGAACAGCCTGAGAGCTGAGGACACGGCTGTGTATTACT	-C-C-CFGC8E-78-EFGA--+++++8CC++8,@,,,;C,,,,,,:CCED,,,,::CCCC@,<,:@,,,,,      6<@C@,<,,<,,<,,66,6,:,,699,,:?CC,99,,,8999,,,,,,,:,,9+8+++++++88+>++3:,:@@@,,3++88+:>,,5,,7,,73<*6*6<,7,77**55<<*6***,**14**4;;+44+5<92+**+*+3+*1+22+++**1*2*:7*/+0<:+3+++2*+*2++9>=*****20**)))0)16*07)0)0)19*18	VQLVESGGGSVQTGWSLPLSFTFXXXFYSSNFVALFLHTPWKQRARVAPISTTANGNPYSADSVNRRFPISLDHSNNTLSLQLNYLTTEDTAAYY	GTGCAGCTGGTGGAGTCTGGGGGAGGCTCGGTGCAAACTGGATGGTCTCTGNCTCTCTCCTTTACTTTCAG--N-NNCTTCTACAGTAGTAACTTCGTAGCCTNGTTCCTCCACACTCCANGGAAGCAGCGCGNGNGCGTCGCACCTATTTCTACGACTGCCAATGGTAACCCCTACTCTGCCGACTCCGTGAACNGCCGATTCNCCATCTCCNTAGACNACTCCAACAACACGCTATCTCTGCAANTCAACTACCTTACNACTGAGGACACNGCCGNCTATTACT	VQLVESGGGSVQTGWSLXLSFTFXXXFYSSNFVAXFLHTPXKQRXXVAPISTTANGNPYSADSVNXRFXISXDXSNNTLSLQXNYLXTEDXAXYY	16	
SRR3544218.8	IGHV3-74*02	71.58	4.80E-51	N/A	N/A	N/A	N/A	N/A	N/A	+	VH	False	TACAACACAGTACGGCGCCGTTGT	YNTVRRRC	ATTTACATTTATTGGAGTTACGAA	IYIYWSYE	N/A	N/A	GTGCAGCTGGTGGAGTCTGGGGGAGGCTCGGTGCAGACTGGAGGGTCTCTGACACTCTCCTGTGCAGCCTCTTACAACACAGTACGGCGCCGTTGTTGGGGCTGGTTCCGCCACGCTCCAGTGACATAGCGCGAAGCGGTCGCACGTATTTACATTTATTGGAGTTACGAATCTGTTGCCGACTCCTTTAAGGGCCTCTTCACCATCTCCCATTACGCCGCCCAGAACTCGGTTGATCTACAGCTGAACACCCTGCAACCGGACGACACGGCTGTGTATTACTGT	GTGCAGCTGGTGGAGTCTGGGGGAGGCTTAGTTCAGCCTGGGGGGTCCCTGAGACTCTCCTGTGCAGCCTCTGGATTCACCTTCAGTAGCTACTGGATGCACTGGGTCCGCCAAGCTCCAGGGAAGGGGCTGGTGTGGGTCTCACGTATTAATAGTGATGGGAGTAGCACAAGCTACGCGGACTCCGTGAAGGGCCGATTCACCATCTCCAGAGACAACGCCAAGAACACGCTGTATCTGCAAATGAACAGTCTGAGAGCCGAGGACACGGCTGTGTATTACTGT	<F9FADEF@8E97<-FFGF--+++++8CC++8,7,,,;C,,,,,+8CC@C,,,,:9CEEE<,:,6,,6:CC@,,<,,9,8,,:,9,+8+7@+88+8?,,++88++::A?+88+++68B>,,,,,,,,,,:+6++++3+*85*3***5,8>@,7,@@,,7,,,,,66,7**,4*7,7@,27**4*4<CC,,,+++4;*+5?<+5<+5<<<:;*2++2*12*21*****20<**2;**2<?+3+*+2+++2**19<****00)))0))0)0))0.)0)1*//*.=*6	VQLVESGGGSVQTGGSLTLSCAASYNTVRRRCWGWFRHAPVT*REAVARIYIYWSYESVADSFKGLFTISHYAAQNSVDLQLNTLQPDDTAVYYC	GTGCAGCTGGTGGAGTCTGGGGGAGGCTCGGTNCAGACTGGAGGGTCTCTGACACTCTCCTGTGCAGCCTCTTACAACACAGTNCGGCGCCGTTGTTGGGGCTGGTTCCGCCACGCTCCAGTGACATAGCGCGAAGCGGTCGCACGTATTTACATTTATNGGAGTTACGAATCTGTTGCCGACTCCTTTAAGGGCCTCTTCACCATCTCCNATNACGCCGCCCAGAACTCGGTTGATCTACAGCTGAACACCCTGCAACCGGACGACACGGCTGTGTATTACTGT	VQLVESGGGSXQTGGSLTLSCAASYNTXRRRCWGWFRHAPVT*REAVARIYIYXSYESVADSFKGLFTISXXAAQNSVDLQLNTLQPDDTAVYYC	5	
SRR3544218.9	IGHV3-66*02	67.52	2.21E-38	N/A	N/A	N/A	N/A	N/A	N/A	+	VH	False	CGATTCCCTTTTGATTATTCTTAC	DSLLIILT	CTTGGTAGTTCTTGTACGTCC	LVVLVRP	TTGTCCTACCCTAGACGTTTTCCTTTTTCCCCTTACCCCTATCGTCCGTCCTCATTACTCCTATTCCTCCTCCCTTTACTAC	CPTLDVFLFPLTPIVRPHYSYSSSLYY	CTGGTGGAGTCTGGGGGAGGCTCTTTGCAGGCTGGAGGCTCTCTGATCCTCTCCTGTACATCCTCTCGATTCCCTTTTGATTATTCTTACACTTGCTTTTACCGCCATGCTGCCGCTAATGCGTCCGAGTTGTTCTCGCGTCTTGGTAGTTCTTGTACGTCCTACTATCTAGACTCCTTGACGGTCCGATTCACCCTGTCTCATGACACCTCCCAGCATACTCTTTATCTTCAACTTAACAGCCTTAAACCTTAGCACACTGCCTTTTACTACT	CTGGTGGAGTCTGGGGGAGGCTTGGTCCAGCCTGGGGGGTCCCTGAGACTCTCCTGTGCAGCCTCTGGATTCACCGTCAGTAGCAACTACATGAGCTGGGTCCGCCAGGCTCCAGGGAAGGGGCTGGAGTGGGTCTCAGTTATTTATAGCGGTGGTAGCACATACTACGCAGACTCCGTGAAGGGCCGATTCACCATCTCCAGAGACAATTCCAAGAACACGCTGTATCTTCAAATGAACAGCCTGAGAGCTGAGGACACGGCTGTGTATTACT	FFE8E,;,,CFGC?-+++++8CC,,<,C,,,8C,,,,,,;6C@E,,,,9<C@CCC,:,<,,9:99C@,,:@@,9CCEE,,<,,9C<C,,<,9,,,9:,,:,:5,8>+,,9,,:,+++++<,,6B+8+++:?,,::A?+++8@=B,,,,,:,,7,,:,8+,8+8,:>,7>=,,,877>,8,,,***65**6>;,24,4,?>,2,,,,6,,6,44*,,,,5,4<CC,4+2><+2+++4+*+2++298**++277*+*++2);7*009:*0*17*8*	LVESGGGSLQAGGSLILSCTSSRFPFDYSYTCFYRHAAANASELFSRLGSSCTSYYLDSLTVRFTLSHDTSQHTLYLQLNSLKP*HTAFYY	CTGGTGGAGTCTGGGGGAGGCTCTTTGCAGGCTGGAGGCTCTCTGATCCTCTCCTGTACATCCTCTCGATTCCCTTTTGATTATTCTTACACTTGCTTTTACCGCCANGCTGCCGCTAATGCGTCCGAGTTGTTCTCGCGTCTTGGTAGTTCTTGTACGTCCTACTATCTAGACTCCTTGACGGTCCGATTCACCCTGTCTCATGACACCTCCCAGNATACTCTTTATCTTCAANTTAACAGCCTTAAACCTTAGCACACTGCCTTTTACTACT	LVESGGGSLQAGGSLILSCTSSRFPFDYSYTCFYRXAAANASELFSRLGSSCTSYYLDSLTVRFTLSHDTSQXTLYLQXNSLKP*HTAFYY	3	
SRR3544218.12	IGHV3-11*01	75.27	2.13E-15	N/A	N/A	N/A	N/A	N/A	N/A	+	VH	False	N/A	N/A	N/A	N/A	N/A	N/A	CACCATCTCCCACGACAACGCCAAGAACACTCTTTATCTGCATATTAACATCCTGAAACCTTAGGACACTTCCATTTTCTATTGTTCGTCAGA	CACCATCTCCAGGGACAACGCCAAGAACTCACTGTATCTGCAAATGAACAGCCTGAGAGCCGAGGACACGGCCGTGTATTACTGTGCGAGAGA	6-8@-EFEGEF-C::F@7E+BBCCC@FF9<CEE,C9@@E,C,,,<,,,C,,;CC9,,,;CC,,,,,:,96,9C,C,9,9C,<C,<,9,,6,,,	TISHDNAKNTLYLHINILKP*DTSIFYCSS	CACCATCTCCCACGACAACGCCAAGAACACTCTTTATCTGCATATTAACATCCTGAAACCTNAGGACACTTCCATTTTCTATTGTTCGTCAGA	TISHDNAKNTLYLHINILKPXDTSIFYCSS	1	
SRR3544218.13	IGHV3-66*02	77.89	4.70E-66	N/A	N/A	N/A	N/A	N/A	N/A	+	VH	False	GGAGACACCGGAAGTACCCACTTC	GDTGSTHF	TTTGGTAGTGAGGGTAGCTCC	FGSEGSS	GCGCCTCAACTGTGTCGAGACGGTGACCTGGTTCCCCTGTCCCCTGTAGTTATACTTGGTACT	APQLCRDGDLVPLSPVVILGT	GTGCAGCTGGTGGAGTCTGGGGGAGGCTCGGTGCAGGACGGAGGGTCTCTGAGACTCTCCTGTGCAGCCTCTGGAGACACCGGAAGTACCCACTTCATGGGCTGGTTCCGCCACGCTCCAGGGAAGGAGCGCGAGTGGTTCGCGGGTTTTGGTAGTGAGGGTAGCTCCGGCTACGCAGACTCCGTAAAGGGCCGATTCACCCTCTCCGCAGATAATTC------CCTTCTTTCTCTCCACATGCTCAGCCTGCAACCTCACTACACGGCTATGTACTCCTGTGCG	GTGCAGCTGGTGGAGTCTGGGGGAGGCTTGGTCCAGCCTGGGGGGTCCCTGAGACTCTCCTGTGCAGCCTCTGGATTCACCGTCAGTAGCAACTACATGAGCTGGGTCCGCCAGGCTCCAGGGAAGGGGCTGGAGTGGGTCTCAGTTATTTATAGCGGTGGTAGCACATACTACGCAGACTCCGTGAAGGGCCGATTCACCATCTCCAGAGACAATTCCAAGAACACGCTGTATCTTCAAATGAACAGCCTGAGAGCTGAGGACACGGCTGTGTATTACTGTGCG	<F9FCFFG?@E<B@@FFGG9-+++++@EE++B:@,,,,:++,+++8CEED,,,,9CCE@@@,:,:,,6:=CE,,,,,:,:4+++++:,9<9,8?,5,<,,+9:++:A?B+8?+++8B?=,,,++,++,,8+6++++++,::+5***5*8>,*>,,7,,,,*6,*373<**14*5*4***47<<*4***,,*4/**/;:+<<*;/::0*1***0++3+0      3<<+;<:<<:<<98+*+2+++3+**29****277*****2*2))77)0*:*9>*)1)1)0)	VQLVESGGGSVQDGGSLRLSCAASGDTGSTHFMGWFRHAPGKEREWFAGFGSEGSSGYADSVKGRFTLSADNXXXLLSLHMLSLQPHYTAMYSCA	GTGCAGCTGGTGGAGTCTGGGGGAGGCTCGGTGCAGGACGGAGGGTCTCTGAGACTCTCCTGTGCAGCCTCTGGAGACACCGGNAGTACCCACTTCATGGGCTGGTTCCGCCANGCTCCAGGGAAGGNGCGCGAGTGGTTCGCGGGTTTTNGTAGTGAGGGTAGCTCCGGCTACGCAGACTCCGTAAAGGGCCGATTCACCCTCTCCGCAGATAATTC----N-CCTTCTTTCTCTCCANATGCTCAGCCTGCAACCTCACTACACGGCTATGTACTNCTGTGCG	VQLVESGGGSVQDGGSLRLSCAASGDTXSTHFMGWFRXAPGKXREWFAGFXSEGSSGYADSVKGRFTLSADNXXXLLSLXMLSLQPHYTAMYXCA	7	
SRR3544218.14	IGHV3-53*01	60.13	6.80E-08	N/A	N/A	N/A	IGHJ4*02	90.24	6.45E-12	-	VH	False	N/A	N/A	ATGGAAAGGGAAGGGAGAACA	MEREGRT	GAGGGGAGAAAGGAAGGGAGGAGAGAGCAAAAGGAAAATTGGAAGGGGAAAAGGGCAAACACTACGGGAGGGTACTTTGCCAAC	EGRKEGRREQKENWKGKRANTTGGYFAN	GGAGCGGGAGGGGGGAGAAGGAATGGAAAGGGAAGGGAGAACAAGGAAAGAAGAAGAGGTGAAGGGCCGAATGACCAAAGCAAAAGACAGGGACAAGAATATTATGGAAGAGAAAAGGCAAAGAAAGAAAGCTGAGGACAAAGGCATGTAGTAGAGAGAGGGGAGAAAGGAAGGGAGGAGAGAGCAAAAGGAAAATTGGAAGGGGAAAAGGGCAAACACTACGGGAGGGTACTTTGCCAACTGGGGCCAGGGGACCCAGGTCACCGTCTC	GGGGCTGGAGTGGGTCTCAGTTATTTATAGCGGTGGTAGCACATACTACGCAGACTCCGTGAAGGGCCGATTCACCATCTCCAGAGACAATTCCAAGAACACGCTGTATCTTCAAATGAACAGCCTGAGAGCCGAGGACACGGCCGTGTATTA----------------------------------------------------------------------------TACTTTGACTACTGGGGCCAGGGAACCCTGGTCACCGTCTC	)0/))/*813*/3+,,7+5+522,,,;5<4,,5,@5255,7,373,,7,5,>85,,,,8,338+6+,,38,,,8,,8,,,,,,A@77,8,,8,,7@55:,9,,,,,,:,,,9,?::,5,:,:9,,,,C::,,,,@59<,:,,,,,:,5,<,,5,,4,4,6,,C969,,,6,,6,9,,6,:,,,6,,,,,,699,<,,66,,,996996,66,,;,<,8,+,+,,6,;;6,<,,,,,,,C;,-@FEA<@GEFDDFE@9FEC9-F7@C-8--	EREGGEGMEREGRTRKEEEVKGRMTKAKDRDKNIMEEKRQRKKAEDKGM**REGRKEGRREQKENWKGKRANTTGGYFANWGQGTQVTV	GGAGCGGGAGGGGGGAGAAGGAATGGAAAGGGAAGGGAGAACAAGGAAAGAAGAAGAGGTGAAGGGCCGAATGACCAAAGCAAAAGACAGGGACAAGAATATTATGGAAGAGAAAAGGCAAAGAAAGAAAGCTGAGGACAAAGGCATGTANTAGAGAGAGGGGAGAAAGGAAGGGAGGAGAGAGCAAAAGGAAAATTGGAAGGGGAAAAGGGCAAACACTACGGGAGGGTACTTTGCCAACTGGGGCCAGGGGACCCAGGTCACCGTCTC	EREGGEGMEREGRTRKEEEVKGRMTKAKDRDKNIMEEKRQRKKAEDKGMX*REGRKEGRREQKENWKGKRANTTGGYFANWGQGTQVTV	1	
SRR3544218.15	IGHV3-48*01	89.83	1.92E-37	N/A	N/A	N/A	N/A	N/A	N/A	-	VH	True	GGATTCACCTTCAGTGTATATGCC	GFTFSVYA	N/A	N/A	N/A	N/A	GAGGTGCAGCTGGTGGAGTCTGGAGGAGGCTTGGTGCAGCCTGGGGAGTCTCTGAGACTCTACTGTACAGCCTCTGGATTCACCTTCAGTGTATATGCCATGAAGTGGGTCCGCCAGG	GAGGTGCAGCTGGTGGAGTCTGGGGGAGGCTTGGTACAGCCTGGGGGGTCCCTGAGACTCTCCTGTGCAGCCTCTGGATTCACCTTCAGTAGCTATAGCATGAACTGGGTCCGCCAGG	EEA9,88=A,8EF<=A=A,=8?=A??=A4,,,AA,@,A:,,,:@@EEB,,,,,C@C<,,,,,,9C9C,C6,,,C,CEC,,8C,6,,,CC,C9E8C,;,,E9FFFB,@7+7B:A,,A8)	EVQLVESGGGLVQPGESLRLYCTASGFTFSVYAMKWVRQ	GAGGTGCAGCTGGTGGAGTCTGGAGGAGGCTTGGTGCAGCCTGGGGAGTCTCTGAGACTCTNCTGTACAGCCTCTGGATTCACCTTCAGTGTATATGCCATGAAGTGGGTCCGCCAGG	EVQLVESGGGLVQPGESLRLXCTASGFTFSVYAMKWVRQ	1	
SRR3544218.16	IGHV3-NL1*01	71.08	3.47E-26	N/A	N/A	N/A	N/A	N/A	N/A	-	VH	True	GGATTTAAATATAGTAGACGAAAA	GFKYSRRK	ATTTATACTGGTGGTGGTA	IYTGGG	N/A	N/A	GTGCAGCTGGTGGAGTATGGGGGAGGAGTGGTGGAGGCTGGGGGGTCTAGGAGAAGAGAATGTACAGAGTATGGATTTAAATATAGTAGACGAAAAATGGCCTGGTTCCGCAAGGCTCCAGGGAAGCAGCGCGACGGAGTCGCTGCAATTTATACTGGTGGTGGTA	GTGCAGCTGGTGGAGTCTGGGGGAGGCGTGGTCCAGCCTGGGGGGTCCCTGAGACTCTCCTGTGCAGCGTCTGGATTCACCTTCAGTAGCTATGGCATGCACTGGGTCCGCCAGGCTCCAGGCAAGGGGCTGGAGTGGGTCTCAGTTATTTATAGCGGTGGTAGTA	:,:,=:,,::,>=8:,,+C>B=F?::,+,B?,A?::,++BC=A9:,,,,,A5<<,,,,,,,<,<,<:,,,,,CC<,,,9,,,<,9<,98,+:,<,C9,@:,,,:8++++9,,C@;,,,,ECAEFE@+C@+@+FC,E@BGEBE-CE<FE<<CFDE-<EFCGGCCB9@	VQLVEYGGGVVEAGGSRRRECTEYGFKYSRRKMAWFRKAPGKQRDGVAAIYTGGG	GTGCAGCTGGTGGAGTNTGGGGGAGGAGTGGTGGAGGCTGGGGGGTCTNGGAGAAGAGAATGTACAGAGTATGGATTTAAATATAGTAGACGAAAAATGGCCTGGTTCCGCNAGGCTCCAGGGAAGCAGCGCGACGGAGTCGCTGCAATTTATACTGGTGGTGGTA	VQLVEXGGGVVEAGGSXRRECTEYGFKYSRRKMAWFRXAPGKQRDGVAAIYTGGG	3	
SRR3544218.17	IGHV3-48*03	93.18	3.54E-11	N/A	N/A	N/A	N/A	N/A	N/A	-	VH	True	N/A	N/A	N/A	N/A	N/A	N/A	GTGCAGCTGGTGGAGTCTGGGGGAGACTTGGTGCAGACTGGAGG	GTGCAGCTGGTGGAGTCTGGGGGAGGCTTGGTACAGCCTGGAGG	E<C,CC,8EE@EDCC-EGGFFGGGFF@GFFFAEAGGGCGCCCCC	VQLVESGGDLVQTG	GTGCAGCTGGTGGAGTCTGGGGGAGACTTGGTGCAGACTGGAGG	VQLVESGGDLVQTG	0	
SRR3544218.18	IGHV3-23*04	71.18	1.06E-48	N/A	N/A	N/A	N/A	N/A	N/A	+	VH	False	GGACCCACCGGAAGACCCCTTTGT	GPTGRPLC	ATCGACGCTCGCGGTCTCAGACAA	IDARGLRQ	GCGGCGGCAGCGAGACGGTGACCTGGTTCCCCTGACCCC	AAAARR*PGSPDP	GTGCAGCTGGTGGAGTCTGGGGGGCGCTCGGTGGAGCCTGGAGGAACTCTGACACTCTCCTGTACAGCCTCTGGACCCACCGGAAGACCCCTTTGTATGGGCTGGTTCCGCCAGGTTCAAGGGAAGGGACGCTAGGGGGTCGCAAGTATCGACGCTCGCGGTCTCAGACAATATCACGGCTACTCCGCGA---CTCGGTTTACCATCTCCCAAGACAGCCCCAAGACCACGGTATATCTAAAAATGACCAGCCTGAAACGTTCGGACACCGCCACGTACTACTGTGCG	GTGCAGCTGGTGGAGTCTGGGGGAGGCTTGGTACAGCCTGGGGGGTCCCTGAGACTCTCCTGTGCAGCCTCTGGATTCACCTTTAGCAGCTATGCCATGAGCTGGGTCCGCCAGGCTCCAGGGAAGGGGCTGGAGTGGGTCTCAGCTATTAGTGGTAGTGGTGGTAGCACATACTACGCAGACTCCGTGAAGGGCCGGTTCACCATCTCCAGAGACAATTCCAAGAACACGCTGTATCTGCAAATGAACAGCCTGAGAGCCGAGGACACGGCCGTATATTACTGTGCG	GGCFECFGGDFFD?FFFGGGD7+7C:FCF77C77+,9?F,+4,++,:ABF,,<,8?>?DCD,C,<,,:==>D,,,:>>,B>+++++,:>@>CBA,@,@,,,8@**8>>>*8<***8>D,,,,*,,***,8*4***,***4<*:***3+3<**2*28:*:**2:8:+++3**3+03+3**:**2:<@*;**   22;8*;CE+<<+2<:<@8****2+*2*2;****2;6A**;*2+2<:*++++:+*27+/7<C****2*9***)08)75)>:5C30)776B7*9)90	VQLVESGGRSVEPGGTLTLSCTASGPTGRPLCMGWFRQVQGKGR*GVASIDARGLRQYHGYSAXXRFTISQDSPKTTVYLKMTSLKRSDTATYYCA	GTGCAGCTGGTGGAGTCTGGGGGGCGCTCGGTGGAGCCTGGAGGAACTCTGACACTCTCCTGTACAGCCTCTGGACCCACCGGAAGACCCCTTTGTATGGGCTGGTTCCGCCAGGTTCNAGGGAAGGGACNCNAGNGGGTCGCAAGTATCGACGCTCGCGGTCTCAGACAATATCACGGCNACTCCGCGANNNCTCGGTTTACCATCTCCCAAGACAGCCCCAAGACCACGGTATATCTAAAAATGACCAGCCTGAAACGTTCGGACACNGCCACGTACTACTGTGCG	VQLVESGGRSVEPGGTLTLSCTASGPTGRPLCMGWFRQVXGKGXXXVASIDARGLRQYHGXSAXXRFTISQDSPKTTVYLKMTSLKRSDXATYYCA	9	
SRR3544218.19	IGHV3-53*01	67.69	1.02E-25	N/A	N/A	N/A	IGHJ1*01	92.86	7.26E-08	-	VH	False	AAATGC	KC	CTAGAGAATGATGGCCGGACA	LENDGRT	N/A	N/A	AAATGCATGGGCTGGAGTCGGCAGGAGAGAGGAAAGGGGAGGGAGGGGGTTGGTACGCTAGAGAATGATGGCCGGACAAACGACGCAGACTCAGTGAAGGGCCGATTAAACAACTACAGAGACAAAGCCAAGAAAATTCTTAAGCTGCAGAGGAACAGACGGAAAGCGGAGGAAAATGAAAGTGATTACTGTGCGGAAAGTTGTAGATTTGGGACAAAATGTAGTGGTGGTTTATACAGCCTTACTTGCCCCTTTAGATACTGGGCCAGGGGACCCAGGTCACCGTCTCC	AACTACATGAGCTGGGTCCGCCAGGCTCCAGGGAAGGGGCTGGAGTGGGTCTCAGTTATTTATAGCGGTGGTAGCACATACTACGCAGACTCCGTGAAGGGCCGATTCACCATCTCCAGAGACAATTCCAAGAACACGCTGTATCTTCAAATGAACAGCCTGAGAGCCGAGGACACGGCCGTGTATTACTGTGCG-------------------------------------------------------------------GGGCCAGGGCACCCTGGTCACCGTCTCC	*1**0)0)00*))20))).2)*022**++::706:=2*2*1*=5?8/4/,,4**6*,,,,<5,<5,>6*54**3@@*>6+++8+,,D>8,,,,7,D>>>63++A9,,,3,,:,,,,,,FEA:,?:,,,,EE?@9,:,,,,,,:,,,5,??9,EAB+99,+,?A88,+,559<9,5,,5,,,,,,<,,:,+8+6,6<,@C:,,9,,99,,,@96:,,,<<,:,6C,B9,;;,,,,,;,C;,,,,;,,+8+,,,,,,,FC,C--GEE-9GGGFFFF9@GFE99FCFF<,---	KCMGWSRQERGKGREGVGTLENDGRTNDADSVKGRLNNYRDKAKKILKLQRNRRKAEENESDYCAESCRFGTKCSGGLYSLTCPFRYWARGPRSPS	AAATGCATGGGCTGGANTCGGCAGGAGAGAGGAAAGGGGNGGGAGNGGGTTGGTACGCTAGAGAATGATGGCCGGACAAACNACGCAGACTCAGTGAAGGGCCGATTAAACAACTNCAGAGACAAAGCCAAGAAAATTCTTAAGCTGCAGAGGAACAGACNGAAAGCGGAGGANAATGAAAGTNATTACTGTGCGGAAAGTTGTAGATTTGGGACAAAATGTAGTGGTGGTTTATACAGCCTTACTTGCCCCTTTAGATACTGGGCCAGGGGACCCAGGTCACCGTCTCC	KCMGWXRQERGKGXEXVGTLENDGRTNXADSVKGRLNNXRDKAKKILKLQRNRXKAEXNESXYCAESCRFGTKCSGGLYSLTCPFRYWARGPRSPS	8	
SRR3544218.20	IGHV3-48*01	79.58	9.41E-33	N/A	N/A	N/A	N/A	N/A	N/A	-	VH	True	GGATACACCGGAAGAACGTACAGT	GYTGRTYS	N/A	N/A	N/A	N/A	GATGTGCAGCTGGTGGAGTCTGGGGGAGGCTCGGTGGAGGCTGGAGGGTCTCTGAGACTCTACTGTGGAGAATATGGATACACCGGAAGAACGTACAGTCTGGGCTGGTTCCGCCAGGCTCCAGGGAAGGAGCGCGAGGGGG	GAGGTGCAGCTGGTGGAGTCTGGGGGAGGCTTGGTACAGCCTGGGGGGTCCCTGAGACTCTCCTGTGCAGCCTCTGGATTCACCTTCAGTAGCTATAGCATGAACTGGGTCCGCCAGGCTCCAGGGAAGGGGCTGGAGTGGG	,:,8,3,B3,,<<,<A8+,++@:444:48+++==,<?4+:,,C=<C4:,,,,,,5966,,,,,,6,<96,,,,,,C6<,8+8+,C<,C:,:,6,:,,@,,<@D;,CD@+:+@6-GF;F9@<GGFGGGGEFBCCC7CC@C@@<	DVQLVESGGGSVEAGGSLRLYCGEYGYTGRTYSLGWFRQAPGKEREG	GATGTGCAGCTGGTGGAGTCTGGGGGAGGCTCGGTGGAGGCTGGAGGGTCTCTGAGACTCTACTGTGGAGAATATGGATACACCGGAAGAACGTACAGTCTGGGCTGGTTCCGCCAGGCTCCAGGGAAGGAGCGCGAGNGGG	DVQLVESGGGSVEAGGSLRLYCGEYGYTGRTYSLGWFRQAPGKEREX	1	
SRR3544218.22	IGHV3-23*05	70.63	2.04E-45	N/A	N/A	N/A	N/A	N/A	N/A	+	VH	False	GTTCTCAGCTTGCACATCAACTAC	VLSLHINY	ATTTATACTAGCTGTATTGCCACA	IYTSCIAT	TTGGCCCTAGACGGTTACCTGGTTC	LALDGYLV	GTGCAGCTGGTGGAGTCTGGGGGAGGCTCGGTACAGGCTGGAGCGTCTCTGACACTCGCCTGTGTAGTCTCTGTTCTCAGCTTGCACATCAACTACGTTGCCTTTTTCCGACCTGCTCCAGGGAAGGAGCTCGAGGGTCTCGCTTCTATTTATACTAGCTGTATTGCCACATCTTATGCCTACTCCGTGAATGGCCTATTCACCATCTCCCGCCACTACGCCCAGAACCCCGTACCTCTGCAGCTTTCCGCCCTTAACCCTGAGGACAC	GTGCAGCTGTTGGAGTCTGGGGGAGGCTTGGTACAGCCTGGGGGGTCCCTGAGACTCTCCTGTGCAGCCTCTGGATTCACCTTTAGCAGCTATGCCATGAGCTGGGTCCGCCAGGCTCCAGGGAAGGGGCTGGAGTGGGTCTCAGCTATTTATAGCAGTGGTAGTAGCACATACTATGCAGACTCCGTGAAGGGCCGGTTCACCATCTCCAGAGACAATTCCAAGAACACGCTGTATCTGCAAATGAACAGCCTGAGAGCCGAGGACAC	EF9FCFFGC8ED@C@FGGG9-++++7@CE7+B8@,,,:C,,,,,+8B@EA,,,,9:C,7@@,:,<,,<C?CC,C,<C?,,9C,,,,:,,:,,:C,:,:,,4A?,,9A?<++7++,:BBA,,,++,++,,:,:++++++,:?,6B+8>,:@B,@,C=,,3,,8,,:,::,:,7,8@,8,3>,,7>>>3@***,,,4>,,6@B,>?,6>2;??****6,,2*4:*****2*1**2*2*139+3+*+2+++0**/11***::97))))*0*0	VQLVESGGGSVQAGASLTLACVVSVLSLHINYVAFFRPAPGKELEGLASIYTSCIATSYAYSVNGLFTISRHYAQNPVPLQLSALNPED	GTGCAGCTGGTGGAGTCTGGGGGAGGCTCGGTACAGGCTGGAGCGTCTCTGACACTCNCCTGTGTAGTCTCTGTTCTCAGCTTGCACATCAACTACGTTGCCTTTTTCCGACNNGCTCCAGGGAAGGAGCTCGAGGGTCTCGCTTCTATTTATACTAGCTGTATTGCCACATCTTATGCCNACTCCGTGAANGGCCTATTCACCATCTCCNGNCACTACGCCCAGAACNCCGTACCTCTGCAGCTTTCCGCCCTTAACCCTGAGGACAC	VQLVESGGGSVQAGASLTLXCVVSVLSLHINYVAFFRXAPGKELEGLASIYTSCIATSYAXSVXGLFTISXHYAQNXVPLQLSALNPED	8	
SRR3544218.23	IGHV3-11*05	69.20	1.53E-43	N/A	N/A	N/A	N/A	N/A	N/A	+	VH	False	TGATACACCTACATTTCATACTCT	*YTYISYS	ATTTACGGTATTCTTTGTATCGCC	IYGILCIA	GGCTCCTTGCGATACGGTGACCTGGGTCCCC	GSLRYGDLGP	CATGTGCAGCTGGTGGAGTCTGGGGGAGGCTCGGTGCAGGCTGGAGTGTCTCTGCCTCTCTCCTTTGTAGTCTCTTGATACACCTACATTTCATACTCTCTGTGCTGGTTTCGCCATGCTCCAGTGAAGCAGCGCGATTGTGTCGCA---ATTTACGGTATTCTTTGTATCGCCACCTACATAGTCTTCGTCAAGTGTCGATTTACACTCTCCCAAGACCACGCCAACTACACCCTCACTCTGTAAATGCACGCTCTTACACCTTCCGTCACGGCCATTTACTACTGTG	CAGGTGCAGCTGGTGGAGTCTGGGGGAGGCTTGGTCAAGCCTGGAGGGTCCCTGAGACTCTCCTGTGCAGCCTCTGGATTCACCTTCAGTGACTACTACATGAGCTGGATCCGCCAGGCTCCAGGGAAGGGGCTGGAGTGGGTTTCATACATTAGTAGTAGTAGTAGTTACACAAACTACGCAGACTCTGTGAAGGGCCGATTCACCATCTCCAGAGACAACGCCAAGAACTCACTGTATCTGCAAATGAACAGCCTGAGAGCCGAGGACACGGCCGTGTATTACTGTG	EEF9FCGGGFGD8CC7<<FGGG--+++7+@EC++B:+,,,7;,,,,,,<CCFF,,,,69CFEFA,9,<,,<<@CE,,,<,<,:CE,C,,99?,<,<C,9C=,,,9<,,:CC?,88++,,:99,,,,,,,,,,4+8++8B+,,:A+6+   +8??,A++A++7:,@,,9,@=+6++8@<,5,,,,,3,,8+8+**,,,77**6@>,7,46>C:24,,,,66,>*/****,,4,6=::C*29<0+++++2+4+3**197*+++288**)))0)1)*)836*0*19*//*./	HVQLVESGGGSVQAGVSLPLSFVVS*YTYISYSLCWFRHAPVKQRDCVAXIYGILCIATYIVFVKCRFTLSQDHANYTLTL*MHALTPSVTAIYYC	CATGTGCAGCTGGTGGAGTCTGGGGGAGGCTCGGTGCAGGCTGGAGTGTCTCTGNCTCTCTCCTTTGTAGTCTCTTGATNCACCTACATTTCATACTCTCTGTGCTGGTTTCGCCANGCTCCAGNGAAGCAGCGCGATTGTGTCGCANNNATTTACGGTATTCTTTGTATCGCCACCTACATAGTCTTCGTCAAGTGTCGATTTACNCTCTCCNAAGACNACGCCAACTACACCCTCACTCTGTAAATGCACGCTCTTACACCTTCCGNCACGGCCATTTACTACTGTG	HVQLVESGGGSVQAGVSLXLSFVVS*XTYISYSLCWFRXAPXKQRDCVAXIYGILCIATYIVFVKCRFXLSXDXANYTLTL*MHALTPSXTAIYYC	11	
SRR3544218.24	IGHV3-NL1*01	71.09	1.23E-49	N/A	N/A	N/A	N/A	N/A	N/A	+	VH	False	GGACTCTCCAACGAAAACTACTTC	GLSNENYF	CTGTATACCGGTTTTGTTGGTTGTCACATC	LYTGFVGCHI	CGAGACGGTTACCTGGTTC	RDGYLV	CATGTGCAGCTGGTGGAGTCTGGAGGAGGCTCCGTGCATGCTGGAGTGTCTCTGAGACTCTCCTGTGCAATCTCTGGACTCTCCAACGAAAACTACTTCCTGTCCTTTTTCCTCCCTCCTCCAGGAAAGTAGCTCGAGGGTGTCGCTGCTCTGTATACCGGTTTTGTTGGTTGTCACATCTACTATTACTACTCCGTCAAGTGCCGCTTCACCATCTCCCCAGACACCTCCAACAACACTCTGTTTCTGCAAATGAACGTTTTTCGCCCTGAGGACACTTCCTTGTACTACTGT	CAGGTGCAGCTGGTGGAGTCTGGGGGAGGCGTGGTCCAGCCTGGGGGGTCCCTGAGACTCTCCTGTGCAGCGTCTGGATTCACCTTCAGTAGCTATGGCATGCACTGGGTCCGCCAGGCTCCAGGCAAGGGGCTGGAGTGGGTCTCAGTTATTTATAGCGG------TGGTAGTAGCACATACTATGCAGACTCCGTGAAGGGCCGATTCACCATCTCCAGAGACAATTCCAAGAACACGCTGTATCTGCAAATGAACAGCCTGAGAGCTGAGGACACGGCTGTGTATTACTGT	GDFCF9FEFFGDCF@7@CGGGG--,,,,,BCCB,D8@,,,;C,,,,,,<CCCE,,,,;;CEE<C,;,9,,96@CC,,,:,:9CC,,:,,,,+9C,:C?CC?,,:9?,,::CC,<C,,:?AEC,,,,,,,,,,,,:+++++++8A+9?+8?,:,:,:,A?++8@CF,,6,,8++8,,9,88>,9C,9,,8,,773>+@D++,,35>**5:3,6>,?>,>?8*,*,6,,44;:,,,*,4,1404,4<:::+2+*+3+++2*9*28))0).1:/))*).)0//=7*1)1*.-).1).	HVQLVESGGGSVHAGVSLRLSCAISGLSNENYFLSFFLPPPGK*LEGVAALYTGFVGCHIYYYYSVKCRFTISPDTSNNTLFLQMNVFRPEDTSLYYC	CATGTGCAGCTGGTGGAGTCTGGAGGAGGCTCCGTGCATGCTGGAGTGTCTCTGAGACTCTCCTGTGCAATCTCTGGACTCTCCAACGAAAACTACTTCCTGTCCTTTTTCCTCCNTCCTCCAGGAAAGTAGCTCGAGNGTGTCGCTGCTCTGTATACCGGTTTTGTTGGTTGTCACATCTACTATTACTACTCCGTCAAGNGCCGCTTCACCATCTCCCCAGACACCTCCAACAACACTCTGTTTCTGCAAATGAACGTTTTTCGNCCTGAGGACACTTCCTTGTACTACTGT	HVQLVESGGGSVHAGVSLRLSCAISGLSNENYFLSFFLXPPGK*LEXVAALYTGFVGCHIYYYYSVKXRFTISPDTSNNTLFLQMNVFXPEDTSLYYC	4	
SRR3544218.26	IGHV3-48*01	70.49	8.34E-17	N/A	N/A	N/A	N/A	N/A	N/A	+	VH	False	GTTTTCTCCATCTGTCGTTCTTGC	VFSICRSC	N/A	N/A	N/A	N/A	GTGCAGCTGGTGGAGTCTGTTTGCGTCTCGGTTCAGCCTGTTGTGGTCCTTACACTCTCCTGTGTATTCTCTGTTTTCTCCATCTGTCGTTCTTGCATGGCCTTTTTCCTCCCTGGTCCCGG	GTGCAGCTGGTGGAGTCTGGGGGAGGCTTGGTACAGCCTGGGGGGTCCCTGAGACTCTCCTGTGCAGCCTCTGGATTCACCTTCAGTAGCTATAGCATGAACTGGGTCCGCCAGGCTCCAGG	,C,@,;,C,,;,,,,=;C,,,,,,++8BC,,8,8,,,6;,,,,,,,,6;C,,,,;CCA8@A,C,@,,,::BE,,,,,<,,:,:,,,:,,:@,:?,,,A,,,,?,,9C=,,,9,,,,994,++	VQLVESVCVSVQPVVVLTLSCVFSVFSICRSCMAFFLPGP	GTGCAGCTGGTGGAGTCTGNTTGCGTCTCGGTTCAGCCTGTTGTGGTCCTTACACTCTCCTGTGTATTCTCTGNTTTCTCCATCTGTCGTTCTTGCATGGCCTTTTTCCTCCNNGGTCCNGG	VQLVESXCVSVQPVVVLTLSCVFSXFSICRSCMAFFLXGX	5	
SRR3544218.27	IGHV3-20*03	78.36	4.25E-35	N/A	N/A	N/A	IGHJ4*03	82.05	1.50E-05	+	VH	True	N/A	N/A	ATTGATAGTGATGGTGTTACA	IDSDGVT	TCGGCAGATTCCGTGGGTCGCTGTCGCGCCAGTGGTTGGGTTGAGAGGCCGTCTGTTGCCGCTTTTGACTTC	SADSVGRCRASGWVERPSVAAFDF	GGAGCGCGAGGGGGTCGCAACTATTGATAGTGATGGTGTTA---CAAGTTATGAAGATTCCGTGAAGGGCCGATTCACCATCTCCCAAGACAACGCCAATAACACTCTGTATCTGCTGCAAATGAACAGTCTGAAACCTGAGGACACTGCCATGTACTACTGTTCGGCAGATTCCGTGGGTCGCTGTCGCGCCAGTGGTTGGGTTGAGAGGCCGTCTGTTGCCGCTTTTGACTTCTTTGGCCATGTGACCCCGTTCACCGTCTCC	GGGGCTGGAGTGGGTCTCTGGTATTAATTGGAATGGTGGTAGCACAGGTTATGCAGACTCTGTGAAGGGCCGATTCACCATCTCCAGAGACAACGCCAAGAACTCCCTGTAT---CTGCAAATGAACAGTCTGAGAGCCGAGGACACGGCCTTGTATTACTGTGCGAGAGA-------------------------------------------------------TTTGACTACTGGGGCCAAGGGACCCTGGTCACCGTCTCC	-8<8BGGGD>E7:FGGGGGGGGFFGFGGC-C9,C@,:,CC<   E,,,<C,C<,,,,<6@C,C,,,,,,88++8BC,?C,:CC?5C,,,,:,,:+8@++,,,:,9?A?,C,@<?,<@,5,,,<,,,:,,<C?,,,,:>>,,,+,3,8><><,>,C,3@,8=,B,33+3+++7@@=7<+**5>**6*67*1*><**,,,7<***=;*++*+*4;*=FF*?+++5*:*/*3+*20+33+++++2+++++*322*/*92*0<*1770:	EREGVATIDSDGVXXSYEDSVKGRFTISQDNANNTLYLLQMNSLKPEDTAMYYCSADSVGRCRASGWVERPSVAAFDFFGHVTPFTVS	GGAGCGCGAGGGGGTCGCAACTATTGATAGTGATGGTGTTA-NNCAAGTTATGAAGATTCNGTGAAGGGCCGATTCACCATCTCCNAAGACAACGCCAATAACNCTCTGTATCTGCTGCAAATGAACAGTCTGAAACCTGAGGACACNGCCATGTACTACTGTTCGGCAGATTCCGTGGGTCGCTGTCGCGCCAGTGGTTGGGTTGAGAGGCCGTCTGTTGCCGCTTTTGACTTCTNNGGCCATGNGACCCCGNTCACCGTCTCC	EREGVATIDSDGVXXSYEDXVKGRFTISXDNANNXLYLLQMNSLKPEDXAMYYCSADSVGRCRASGWVERPSVAAFDFXGHXTPXTVS	10	
SRR3544218.28	IGHV3-NL1*01	76.81	2.04E-45	N/A	N/A	N/A	IGHJ4*02	91.43	3.51E-10	-	VH	True	TCAGTAGAGTAGAC	SRVD	ATTAAGAGTGGTGGTGGTACCACA	IKSGGGTT	GCGATCCCTCTGACTGATGATGGTCGATGTCGCCTACCCGGCTTGGGTTGGTATAACTAC	AIPLTDDGRCRLPGLGWYNY	TCAGTAGAGTAGACAGGAACTGGGGCGGCCAGGGTCAAGGGAAGGGAATCGAGTGGGTAGCAGAGATTAAGAGTGGTGGTGGTACCACATACTATGCAGAATCCGAGAAGGGGCGATTCAACATCTCAAAAGACAAGGTCCTGAAAACTCTGTATCTTCAATTGACCAACCTGAAAACGGAGGACACTGCAATGTACTACTGTGCGATCCCTCTGACTGATGATGGTCGATGTCGCCTACCCGGCTTGGGTTGGTATAACTACTGGGGCCGGGGGACCCAGGTCACCGTCTCC	TCAGTAGCTATGGCATGCACTGGGTCCGCCAGGCTCCAGGCAAGGGGCTGGAGTGGGTCTCAGTTATTTATAGCGGTGGTAGTAGCACATACTATGCAGACTCCGTGAAGGGCCGATTCACCATCTCCAGAGACAATTCCAAGAACACGCTGTATCTGCAAATGAACAGCCTGAGAGCTGAGGACACGGCTGTGTATTACTGTGCGA---------------------------------------------------ACTACTGGGGCCAGGGAACCCTGGTCACCGTCTCC	**41*90****01*9*:72))700))*1**922***+9;8*>?=<42***=03+734,,,,5,,=4,,<6,<:,;4,>6,>@,6,,@,D;6,,?,7,F@6****>,DDB<<@+,78,,,:,,9,++,,,DF@:,BB::,,,,?A8,<,,,,8,:,,,,,A<,,A8+,B<,,,AB?9++??@<AB,:,,9,,<,A,<,,:,+@,B,C:,,,,,,,,,,,C9,<:+>@,,:,+8++:,,+++++D9,,7C@B,9CE9E9FE<,C,-GGGGCCGGGGGFGFDGFEFDGDGFC@<6-	SRVDRNWGGQGQGKGIEWVAEIKSGGGTTYYAESEKGRFNISKDKVLKTLYLQLTNLKTEDTAMYYCAIPLTDDGRCRLPGLGWYNYWGRGTQVTVS	TCAGTAGAGTAGACANGAACTGGGNCNGCCAGGGTCAAGGGAAGGGANTCGAGTGGGTNGCAGAGATTAAGAGTGGTGGTGGTACCACATACTATGCAGAATCCGNGAAGGGGCGATTCAACATCTCAAAAGACAAGGTCCTGAANACTCTGTATCTTCAATTGACCAACCTGAAAACGGAGGACACNGCAATGTACTACTGTGCGATCCCTCTGACTGATGATGGTCGATGTCGCCTACCCGGCTTGGGTTGGTATAACTACTGGGGCCGGGGGACCCAGGTCACCGTCTCC	SRVDXNWXXQGQGKGXEWXAEIKSGGGTTYYAESXKGRFNISKDKVLXTLYLQLTNLKTEDXAMYYCAIPLTDDGRCRLPGLGWYNYWGRGTQVTVS	8	
SRR3544218.30	IGHV3-23*03	79.37	3.75E-72	N/A	N/A	N/A	N/A	N/A	N/A	+	VH	False	GGATACACCGGCAGTCGCTATTGT	GYTGSRYC	GTTTCTACTGATGGTAGTAGCTTT	VSTDGSSF	GCATTAGATCCACGCCCGAGACGGTGACCTGGGTCCCCTGGCCCCAGTAGGAATACT	ALDPRPRR*PGSPGPSRNT	TGCAGCTGGTGGAGTCTGGGGGAGGCTCGGTGCAGGCTGGAGGGTCTCTGAGACTCTCCTGTTAAGCCTCTGGATACACCGGCAGTCGCTATTGTATGGGCTGGTTCCGGCAGGCTCCAGGTAAGGAGCGCGAGGGGGTCTCGACTGTTTCTACTGATGGTAGTAGCTTTTACTATGCCGACTCCGTGAAGTGCCGATTCACCATCTCTCACGGTCACGCCAAGAACACGGTGGACCTGCAAATGCATAGCCTCAAACCAGAGGACACTGCCGTTTACTACTGTGC	TGCAGCTGTTGGAGTCTGGGGGAGGCTTGGTACAGCCTGGGGGGTCCCTGAGACTCTCCTGTGCAGCCTCTGGATTCACCTTTAGCAGCTATGCCATGAGCTGGGTCCGCCAGGCTCCAGGGAAGGGGCTGGAGTGGGTCTCAGTTATTTATAGCGGTGGTAGTAGCACATACTATGCAGACTCCGTGAAGGGCCGGTTCACCATCTCCAGAGATAATTCCAAGAACACGCTGTATCTGCAAATGAACAGCCTGAGAGCCGAGGACACGGCCGTATATTACTGTGC	@@CCCGGGGGFC9DFGGGGFDGDEGGGGD+B7CAA8@EA7,C,+BEEFFA,,,CCEE@FE,C,,,,:CCEF,,,C,C9CC++@7+:C,>?,BC,C,B,,,:E++:B?E++8+++68BC,,,,,,,,,,:+8+++++++8@,8,,@>*8@DCF,@@,,8,,7,,?,,7@@FFCCD,@,<<**4<<<*<***,,+7?:*4<>+><9BB<B;<++*****3*2A*****2*A**;***<A=*:*++3*++3+0<D?76++994*****1*17*1538*9*9B*9/*9*/	QLVESGGGSVQAGGSLRLSC*ASGYTGSRYCMGWFRQAPGKEREGVSTVSTDGSSFYYADSVKCRFTISHGHAKNTVDLQMHSLKPEDTAVYYC	TGCAGCTGGTGGAGTCTGGGGGAGGCTCGGTGCAGGCTGGAGGGTCTCTGAGACTCTCCTGTTAAGCCTCTGGATNCACCGNCAGTCGCTATTGTATGGGCTGGTTCCGGCAGGCTCCAGGTAAGGNGCGCGAGNGGGTCTCGACTGTTTCTACTGATGGTAGTAGCTTTTACTATGCCGACTCCGTGAAGNGCCGATTCACCATCTCTCANGGTCACGCCAAGAACACGGTGGACCTGCAAATGCATAGCCTCAAACCAGAGGACACNGCCGTTTACTACTGTGC	QLVESGGGSVQAGGSLRLSC*ASGXTXSRYCMGWFRQAPGKXREXVSTVSTDGSSFYYADSVKXRFTISXGHAKNTVDLQMHSLKPEDXAVYYC	7	
SRR3544218.32	IGHV3-66*02	78.30	9.79E-56	N/A	N/A	N/A	N/A	N/A	N/A	-	VH	True	GGATACACCGGCAGTAGGCACTGT	GYTGSRHC	TTGACTGTTGATGGTAAGAAT	LTVDGKN	GCGGCCGGATTTCCGGCGAAGTTCCGGCGGCCACTACACAAGGACAGCGTGAACTTC	AAGFPAKFRRPLHKDSVNF	GAGAGTGTCCTGCTCAGCCGCTGGATACACCGGCAGTAGGCACTGTCTGGGCTGGTTCCGCCAGGCTCCAGGGAAGGAGCGCGAAAAGGTCGCAACATTGACTGTTGATGGTAAGAATAACTACGCAGACTCCGTGAAGGGACGATTCACCATCTCCAAAGACAACGCCAAGAACACTCTGTATCTGCAAATGGACAGCCTGAAACCTGAGGACACTGCCATGTACTATTGTGCG	GAGACTCTCCTGTGCAGCCTCTGGATTCACCGTCAGTAGCAACTACATGAGCTGGGTCCGCCAGGCTCCAGGGAAGGGGCTGGAGTGGGTCTCAGTTATTTATAGCGGTGGTAGCACATACTACGCAGACTCCGTGAAGGGCCGATTCACCATCTCCAGAGACAATTCCAAGAACACGCTGTATCTTCAAATGAACAGCCTGAGAGCTGAGGACACGGCTGTGTATTACTGTGCG	8440(((().)/)))0))))**@82*1.07)0**C9*:0:*:2*:***:>:**:2*)**:**A/2***6<BCCC@:;3181*B>>+CC<**C;B@,C@9D@,,2,9D@,<>9FF@@@,@6**@*=9@<6*7+,>9<BF<@:,,B:,,,C3,:,,,,9FDDCB+@B+>,<EEE@B,:,,,,A,C,,,<,EEC,B?:,A:,,,BB?<,,,EEAA<,:+,B,,C,<,<,,:,+8+=+>	RVSCSAAGYTGSRHCLGWFRQAPGKEREKVATLTVDGKNNYADSVKGRFTISKDNAKNTLYLQMDSLKPEDTAMYYCA	GAGAGTGTCCTGCTCAGCCNCTGGATACACCGNCAGTAGGCACTGTCTGGGCTGGTTCCGCCAGGCTCCAGGGAAGGNGCGCGAAAAGGTCGCAACATTGACTGTTGATGGTAAGAATAACTACGCAGACTCCGTGAAGGGNCGATTCACCATCTCCAAAGACAACGCCAAGAACACTCTGTATCTGCAAATGGACAGCCTGAAACCTGAGGACACNGCCATGTACTATTGTGCG	RVSCSAXGYTXSRHCLGWFRQAPGKXREKVATLTVDGKNNYADSVKXRFTISKDNAKNTLYLQMDSLKPEDXAMYYCA	5	
SRR3544218.33	IGHV3-21*01	60.98	2.31E-08	N/A	N/A	N/A	IGHJ1*01	93.33	5.05E-09	-	VH	False	N/A	N/A	TTTGAGAGTGAGGGTACAAAGAGA	FESEGTKR	GCGGCAAGGGGATGATGGGATAGCTGGTCATTTGGTTAG	AARG*WDSWSFG*	TGGATTCGTAAGGGTAAAGGGAAGGAGCGCGAGGGGGTAGCAAATTTTGAGAGTGAGGGTACAAAGAGATAAGA---AGACTCAGTGAAGGGACGATTAAAAAGAGAAAGAGAGAAAGACAAGAAAAATATGTAGAGAAAAAGGAAAAGAATGAAAAATGAGGAAAATGAAATGGACGTATGGGCGGCAAGGGGATGATGGGATAGCTGGTCATTTGGTTAGTGGGGCCAGGGGACCCAGGTCACCGTCTCC	TGGGTCCGCCAGGCTCCAGGGAAGGGGCTGGAGTGGGTCTCATCCATTAGTAGTAGTAGTAGTTACATATACTACGCAGACTCAGTGAAGGGCCGATTCACCATCTCCAGAGACAACGCCAAGAACTCACTGTATCTGCAAATGAACAGCCTGAGAGCCGAGGA----------------------------------------------------------TGGGGCCAGGGCACCCTGGTCACCGTCTCC	,,4,***4,,<44,,,,;:7<;:@@44+4+B:;33>8,,6,=8,,,,,@>,>3,>8,97,8,,7,759,,:,:,   7::,,,,?,?<E@69,+9:,,,:,,:,,,,,EB@@:,?:,9,,??B?9,:,,,,<,<,,,:,C?<,C<9,<9,,,C<66,,,EA?C<,6,,<,,9,6,:,:,,,8+7+<@6CDC@;<,,C,,EDFC,@;,,C;,,,,,9@C@6;+-DGEC-9GGFEFF9FCDFFC-F>EGC8<8-	WIRKGKGKEREGVANFESEGTKR*XXDSVKGRLKREREKDKKNM*RKRKRMKNEENEMDVWAARG*WDSWSFG*WGQGTQVTVS	TGGATTCGTNAGGGTAAAGGGAAGGAGCGCGAGGGGGTNGCAAATTTTGAGAGTGAGGGTACAAAGAGATAAGANNNAGACTCAGTGAAGGGNCGATTAAAAAGAGAAAGAGAGAAAGACAAGAAAAATATGTAGAGAAAAAGGAAAAGAATGAAAAATGAGGAAAATGAAATGGACGTATGGGCGGCAAGGGGATGATGGGATAGCTGGTCATTTGGTTAGTGGGGCCAGGGGACCCAGGTCACCGTCTCC	WIRXGKGKEREGXANFESEGTKR*XXDSVKXRLKREREKDKKNM*RKRKRMKNEENEMDVWAARG*WDSWSFG*WGQGTQVTVS	6	
SRR3544218.34	IGHV3-66*02	74.39	1.50E-58	N/A	N/A	N/A	N/A	N/A	N/A	+	VH	False	GGATACCGGTACAGTGGCTACTGT	GYRYSGYC	ATCGATAGTGATGCTAATGTT	IDSDANV	N/A	N/A	GTGCAGCTGGTGGAGTCTGGGGGAGACTCGGTGCAGGCTGGAGGGTCTCTGAGACTCTCCTGTGGCGCCTCTGGATACCGGTACAGTGGCTACTGTTTGGCCTGGTTCCTCCAGGCTCCAGGGAAGCAGCGCGCGGAAGTCGCATCTATCGATAGTGATGCTAATGTTAACTACCATGATTCCGTTAAGGGCCGATTCACCATCTCCCAAGACGGCAGCAAAAGCACGGTGTATCTTCAGCTGAACAGCCTGAAACCTGCGGACACTGGCATGTACACCTGTTCG	GTGCAGCTGGTGGAGTCTGGGGGAGGCTTGGTCCAGCCTGGGGGGTCCCTGAGACTCTCCTGTGCAGCCTCTGGATTCACCGTCAGTAGCAACTACATGAGCTGGGTCCGCCAGGCTCCAGGGAAGGGGCTGGAGTGGGTCTCAGTTATTTATAGCGGTGGTAGCACATACTACGCAGACTCCGTGAAGGGCCGATTCACCATCTCCAGAGACAATTCCAAGAACACGCTGTATCTTCAAATGAACAGCCTGAGAGCTGAGGACACGGCTGTGTATTACTGTGCG	GGDGDFGGFFGGGGGGGGFGGDGC+,CFFC7B7F8E@CF8,,,,+BEEFF,,,,C@EC<FEEE,,:+8@@CD,,,:,CC,+8+8,,C,,?C,CE,CEF,,5:A++:C?A,<=,,,:?A?,4,++,+:,,A+@+++++++BC7=+@@B,@=++:,37,,@,>>,,@>@@,,@D9<>,7,,@@FE,7,1*,,,<C**4BB,??9<B@9BC6***3**:**=**+*32+;**2*:+<<<+<+2+2+++<7*07760**:<C*7)7)157?4:7)>4=*9*17F49*0)	VQLVESGGDSVQAGGSLRLSCGASGYRYSGYCLAWFLQAPGKQRAEVASIDSDANVNYHDSVKGRFTISQDGSKSTVYLQLNSLKPADTGMYTCS	GTGCAGCTGGTGGAGTCTGGGGGAGACTCGGTGCAGGCTGGAGGGTCTCTGAGACTCTCCTGTGGCGCCTCTGGATACCGGNACAGTGGCTACTGTTTGGCCTGGTTCCNCCAGGCTCCAGGGAAGCAGCGCGCGGAAGTCGCATCTATCGATAGTGATGCTAATGTTAACTACCATGATTCCGTTAAGGGCCGATTCACCATCTCCCAAGACGGCAGCAAAAGCACGGTGTATCTTCAGNTGAACAGCCTGAAACCTGNGGACACTGGCATGTACANCTGTTCG	VQLVESGGDSVQAGGSLRLSCGASGYRXSGYCLAWFXQAPGKQRAEVASIDSDANVNYHDSVKGRFTISQDGSKSTVYLQXNSLKPXDTGMYXCS	5	
SRR3544218.35	IGHV3-66*02	75.69	6.78E-61	N/A	N/A	N/A	N/A	N/A	N/A	+	VH	True	GGATACACCAGCCGTAGCAACTGC	GYTSRSNC	CGATCGTTATTCGTGATGGTCGCACA	IVIRDGRT	N/A	N/A	GTGCAGCTGGTGGAGTCTGGGGGAGGCTCGGTACAGGCTGGCGGGTCTCTGAGACTCTCCTGTGCCGTGGCTGGATACACCAGCCGTAGCAACTGCCTGGGATGGTTCCGGCTAACTGACGAACAGGAGCGCGAGGGGCTCGCAGCGATCGTTATTCGTGATGGTCGCACATACACTGCCTACTCCGTTAAGGGCCGATTCACCATCTCCCAAGACCACGCCAAGAACCCGGTGTCTCTTCAAATGAACCGCCTGAAGACTGACCACACCGCCATGTCTTACTGTTCG	GTGCAGCTGGTGGAGTCTGGGGGAGGCTTGGTCCAGCCTGGGGGGTCCCTGAGACTCTCCTGTGCAGCCTCTGGATTCACCGTCAGTAGCAACTACATGAGCTGGGTCCGCCAGGCTCCAGGGAAGGGGCTGGAGTGGGTCTCAG---TTATTTATAGCGGTGGTAGCACATACTACGCAGACTCCGTGAAGGGCCGATTCACCATCTCCAGAGACAATTCCAAGAACACGCTGTATCTTCAAATGAACAGCCTGAGAGCTGAGGACACGGCTGTGTATTACTGTGCG	GGFGFGGGGGGGGGGGGGGF-:7C@CFEA:7FFE9<,CE,,@+++@CFAE,,,,9CCECEE,C,:C+8++8B+4,C,9,9=+,<B+8++:,,9A,9AE,++,:++:B?E++3++,:E,,:+++8+,,,+8+5++3***556*>**<**@<*?F7FFC:F7,?,,7?:B*<*<,>,<:,<C,+;<@C8C+**++8?E**:;C+<:6<0:<<@****0**1*::**/**:****1*:C9?<+<+*+2+++2C)9>C5****9//0<0*8*7>357).)9*0=*68*.)6(	VQLVESGGGSVQAGGSLRLSCAVAGYTSRSNCLGWFRLTDEQEREGLAAIVIRDGRTYTAYSVKGRFTISQDHAKNPVSLQMNRLKTDHTAMSYCS	GTGCAGCTGGTGGAGTCTGGGGGAGGCTCGGTNCAGGCTGGCGGGTCTCTGAGACTCTCCTGTGCCGTGGCTGGATNCACCANCNGTAGCAACTGCCTGGGATGGTTCCGGCTAACTGACGAACAGGAGCGCGAGNGGCTCGCAGCGATCGTTATTCGTGATGGTCGCACATACACTGCCTACTCCGTTAAGGGCCGATTCACCATCTCCNAAGACNACGCCAAGAACNCGGTGTCTCTTCAAATGAACNGCCTGAAGACTGACCACACCGCCATGTNTTACTGTTCG	VQLVESGGGSXQAGGSLRLSCAVAGXTXXSNCLGWFRLTDEQEREXLAAIVIRDGRTYTAYSVKGRFTISXDXAKNXVSLQMNXLKTDHTAMXYCS	10	
SRR3544218.36	IGHV3-69-1*02	64.93	1.09E-33	N/A	N/A	N/A	N/A	N/A	N/A	+	VH	False	TGATACACGTACTCTATTTCTTCC	*YTYSISS	CTTGCTCGTAATGGTTTCCCA	LARNGFP	GCGTTCGATTGAGACGGTGACCTGGTTCCCCTGGCCCCTATTACTATACCCCTGAACTGAGAGTTTCTTCGCCGTCCGGCACCCACTCCGATCTC	AFD*DGDLVPLAPITIPLN*EFLRRPAPTPIS	GATGTGCAGCTGGTGGAGTCTGGTGGAGCGTCGGTGCATGCTGGAGGGTCTCTTATCCTCTCCTTTTCAGTTTCTTGATACACGTACTCTATTTCTTCCATTGTCTTCTTCCTCCCTTCTCCAGTTCCGTATCTCTAGGTCTTCGCATCTCTTGCTCGTAATGGTTTCCCATGTTCCTCAGACTCCGTGATCTTCCGATTCAACATCTCCCATTACCACTCCCATAACCCATTTTATCTCCACCTCTACAGCCTGCAACCCCACGACACTGCCATTTACTACTTTGCG	GAGGTGCAGCTGGTGGAGTCTGGGGGAGGCTTGGTAAAGCCTGGGGGGTCCCTGAGACTCTCCTGTGCAGCCTCTGGATTCACCTTCAGTGACTACTACATGAACTGGGTCCGCCAGGCTCCAGGGAAGGGGCTGGAGTGGGTCTCATCCATTAGTAGTAGTAGTACCATATACTACGCAGACTCTGTGAAGGGCCGATTCACCATCTCCAGAGACAACGCCAAGAACTCACTGTATCTGCAAATGAACAGCCTGAGAGCCGAGGACACGGCTGTTTATTACTGTGCG	DCF9F9FCFGGFCF9;@@FGGC9-,,,6C7@@++8,@,,,;C,,,,,+8;CEC,,,,9<CEECC,9,9,,,9<CE,,,<,<,9,:,9,6<,,<C,CC,C,<,,,9<,,<9?C,<4,,,999C,,,,,,+,,,:,5,,,,,,,9:+4++89,::,,7,+++,:,,C?:5,:,,,,7,7,7,,,88A3+@++,,,,68++@:=,,8,8>>>=D,8,,7,,4,,,,,,,,4,6*,5,5,5<B,42,,4*,*4,,09<****22/**).)0)19*0;*3+3++3+31+.++(	DVQLVESGGASVHAGGSLILSFSVS*YTYSISSIVFFLPSPVPYL*VFASLARNGFPCSSDSVIFRFNISHYHSHNPFYLHLYSLQPHDTAIYYFA	GATGTGCAGCTGGTGGAGTCTGGNGGAGCGTCGGTGCATGCTGGAGGGTCTCTTATCCTCTCCTTTTCAGTTTCTTGATACACGTACTCTATTTCTTCCATTGTCTTCTTCCTCCNTTCTCCAGTTCCGTATCTCTAGGTCTTCGCATCTCTTGCTCGTAATGGTTTCCCATGTTCCTCAGACTCCGTGATCTTCCGATTCAACATCTCCCATTACNACTCCCATAACNCATTTTATCTCCACCTCTACAGCCTGCAACCCCACGACACTGCCATTTACTACTTTGCG	DVQLVESXGASVHAGGSLILSFSVS*YTYSISSIVFFLXSPVPYL*VFASLARNGFPCSSDSVIFRFNISHYXSHNXFYLHLYSLQPHDTAIYYFA	4	
SRR3544218.39	IGHV3-23*05	70.21	4.34E-20	N/A	N/A	N/A	N/A	N/A	N/A	-	VH	False	N/A	N/A	AATAATACGCGAGAAGGCATTACA	NNTREGIT	N/A	N/A	ATGGGCGGGTTCCGCCAGGATGCGGGAAGGAAGGGGGAAAAGGGGGCAGCTAATAATACGCGAGAAGGCATTACAAAGTATGAAGACGCCGTGAAGGGACGGTTCACCATCTCCAGAGACGCCGCCAAGAATACGGTGAAT	ATGAGCTGGGTCCGCCAGGCTCCAGGGAAGGGGCTGGAGTGGGTCTCAGCTATTTATAGCAGTGGTAGTAGCACATACTATGCAGACTCCGTGAAGGGCCGGTTCACCATCTCCAGAGACAATTCCAAGAACACGCTGTAT	))1))))/00)))**7921*))*2*:<022*12*2+:0?8:2/**0+3+++3+1+/*3***3+9?5++275+>+B+F?+5++4*444**,>,ACF>51**33,,,@,,6,,,,,7,+<8++++,,,CFCBA+A+,5,BEB,	MGGFRQDAGRKGEKGAANNTREGITKYEDAVKGRFTISRDAAKNTVN	ATGGGCNGGTTCCGCCAGGATGCGGGAAGGAAGGGGGAAAAGGGGGCAGCTAATAATACGCGAGAAGGCATTACAAAGTATGAAGACNCCGTGAAGGGNCGGTTCACCATCTCCAGAGACGCCGCCAAGAATACGGTGAAT	MGXFRQDAGRKGEKGAANNTREGITKYEDXVKXRFTISRDAAKNTVN	3	
SRR3544218.41	IGHV3-66*02	78.12	2.45E-69	N/A	N/A	N/A	N/A	N/A	N/A	+	VH	True	GGATACACCTACAGTAGGAACTGC	GYTYSRNC	CTTATTGGTGATGGTAGCACA	LIGDGST	N/A	N/A	GATGTGCAGCAGGTGGAGTCTGGGGGTGGCTCGGTGCAGGCTGGAGGGTCTCTGAGACTCTCCTGCGCAGTCTCTGGATACACCTACAGTAGGAACTGCCTGGGGTGGTTCCGCCAGGCTCCAGGGAAGGAGCGCGAGGAGGTCGCGTCTCTTATTGGTGATGGTAGCACACATTACGCAGACCTCGTGAAGGGCCGGTTCACCGTCTCCTGGGACAACGCCAACAAGACGCTGTATCTACAAATGGGCGGGTTGAAACCTGAAGACTCTGCCGAGTACACCTGTTCG	GAGGTGCAGCTGGTGGAGTCTGGGGGAGGCTTGGTCCAGCCTGGGGGGTCCCTGAGACTCTCCTGTGCAGCCTCTGGATTCACCGTCAGTAGCAACTACATGAGCTGGGTCCGCCAGGCTCCAGGGAAGGGGCTGGAGTGGGTCTCAGTTATTTATAGCGGTGGTAGCACATACTACGCAGACTCCGTGAAGGGCCGATTCACCATCTCCAGAGACAATTCCAAGAACACGCTGTATCTTCAAATGAACAGCCTGAGAGCTGAGGACACGGCTGTGTATTACTGTGCG	GGGGGGGGGGGGGGGGGGGGGGGC>CGCEFEED7FEFCC8CF8:@<77BEFFG9,,,:FFFEEE,,+@+:?CEAE9,<C,9,=EFAF@,<<,,,,BB,5?F97++8++BDFA+:B7++BEEC8,,++,>+,,3+>+++++++8D+@@FB<DCF9@F;9?*,@<9D@,,,?,=*<@,?*<7**<<<F7F7:*,,*;=7:CCE9BB*CECE:C++**;**;*8:85;****;C*:*;+AFG7:9++<7+*27*)9>3***>CG**/*15@9@76?5))8)9967<:A*/,	DVQQVESGGGSVQAGGSLRLSCAVSGYTYSRNCLGWFRQAPGKEREEVASLIGDGSTHYADLVKGRFTVSWDNANKTLYLQMGGLKPEDSAEYTCS	GATGTGCAGCAGGTGGAGTCTGGGGGTGGCTCGGTGCAGGCTGGAGGGTCTCTGAGACTCTCCTGCGCAGTCTCTGGATACACCTACAGTAGGAACTGCCTGGGGTGGTTCCGCCAGGCTCCAGGGAAGGNGCNCGAGGAGGTCGCGTCTCTTATTGGTGATGGTAGCACACATTACGCAGACCTCGTGAAGGGCCGGTTCACCGTCTCCTGGGACAACGCCAACAAGACGCTGTATCTACAAATGGGCGGGTTGAAACCTGAAGACTCNGCCGAGTACANCTGTTCG	DVQQVESGGGSVQAGGSLRLSCAVSGYTYSRNCLGWFRQAPGKXXEEVASLIGDGSTHYADLVKGRFTVSWDNANKTLYLQMGGLKPEDXAEYXCS	4	
SRR3544218.42	IGHV3-66*02	75.70	7.82E-62	N/A	N/A	N/A	N/A	N/A	N/A	+	VH	False	GGATACCTATACAGCCCTTACTTC	GYLYSPYF	ATTGATGATGCTGGTATTTCA	IDDAGIS	N/A	N/A	GTGCAGCTGGTGGAGTCTGGGTGAGGCTCGGTGCGGGTTGGAGGGTCTCTGAGACTCTCCTTTGCAGCCTCCGGATACCTATACAGCCCTTACTTCATTGGCTGGTTCCGCCCGGCCGCAGGGAAGTAGCGCGAGGGCCTCTCCACTATTGATGATGCTGGTATTTCAATCTACTCAGACTCCGTGAATGGCCGATTCACCATCTCCAACTACACCTCCACGAACACTCTGTATCTGCAAATGTACAGCCTGCAAGTTTAGGACACTGCCCTTTCTTCCTGTGC	GTGCAGCTGGTGGAGTCTGGGGGAGGCTTGGTCCAGCCTGGGGGGTCCCTGAGACTCTCCTGTGCAGCCTCTGGATTCACCGTCAGTAGCAACTACATGAGCTGGGTCCGCCAGGCTCCAGGGAAGGGGCTGGAGTGGGTCTCAGTTATTTATAGCGGTGGTAGCACATACTACGCAGACTCCGTGAAGGGCCGATTCACCATCTCCAGAGACAATTCCAAGAACACGCTGTATCTTCAAATGAACAGCCTGAGAGCTGAGGACACGGCTGTGTATTACTGTGC	FGFGCFGGGGGCCDEGGGG9-C,C<8DFF++B7C@++@F++,,,+BCCCF<,,,:CCFE<C,<,6,,9:C<C++,8,:=C,C,C9,:,BCF,EC,9,<,5,:=++:??E+?=+++6@+8+++++,3,,,8+8+++++++8@,:,,@>,>B,,7,,7,,7,,D,,7,7,,7><,7,?,2,>DDF*@*41,,,6?*4BEB+>B+BF?9;+++3+5+5?*8B6***/:5C::C+<+@CC+2++0:0+*3<+9CG***2*2:***)*9)7)21<F656*8@*99*6)6	VQLVESG*GSVRVGGSLRLSFAASGYLYSPYFIGWFRPAAGK*REGLSTIDDAGISIYSDSVNGRFTISNYTSTNTLYLQMYSLQV*DTALSSC	GTGCAGCTGGTGGAGTCTGGGTGAGGCTCGGTGCGGGTTGGAGGGTCTCTGAGACTCTCCTTTGCAGCCTCCGGATNCCTATACAGCCCTTACTTCATTGGCTGGTTCCGCCNGGCCGCAGGGAAGTAGCGCGAGNGCCTCTCNACTATTGATGATGCTGGTATTTCAATCTACTCAGACTCCGTGAANGGCCGATTCACCATCTCCAANNACACCTCCACGAACACTCTGTATCTGCAAATGTACAGCCTGCAAGTTTAGGACACNGCCCTTTNTTNCTGTGC	VQLVESG*GSVRVGGSLRLSFAASGXLYSPYFIGWFRXAAGK*REXLXTIDDAGISIYSDSVXGRFTISXXTSTNTLYLQMYSLQV*DXALXXC	10	
SRR3544218.43	IGHV3-23*04	75.35	7.82E-62	N/A	N/A	N/A	N/A	N/A	N/A	+	VH	False	GACGACGGCTATAGCAGCGCGTGT	DDGYSSAC	ATTTATCGTTATATTGTACGCACA	IYRYIVRT	TCGGCACGAGACGGTGACCTGGTTC	SARDGDLV	GTGCAGCTGGTGGAGTCTGGGGGAGGCTCTGTGCAGGCTGGAGGGTCTCTGATACTCTCCTGTACAGCCTCTGACGACGGCTATAGCAGCGCGTGTATGGGCTGGTTCCGCCATGCTCCAGGAAAGGAGCGCGAGGCTGTCGCGACCATTTATCGTTATATTGTACGCACATATTATGCCGACTCCGTGAAGGGCCGATTCATCATCTCCCAGGACAACAGCAAGAACATGCTGTATCTGCAACTGTGCAGCCTTAAACCTGAGGACCCTGCCCTGTACTTCTGTTCG	GTGCAGCTGGTGGAGTCTGGGGGAGGCTTGGTACAGCCTGGGGGGTCCCTGAGACTCTCCTGTGCAGCCTCTGGATTCACCTTTAGCAGCTATGCCATGAGCTGGGTCCGCCAGGCTCCAGGGAAGGGGCTGGAGTGGGTCTCAGCTATTAGTGGTAGTGGTGGTAGCACATACTACGCAGACTCCGTGAAGGGCCGGTTCACCATCTCCAGAGACAATTCCAAGAACACGCTGTATCTGCAAATGAACAGCCTGAGAGCCGAGGACACGGCCGTATATTACTGTGCG	GGCGGGGGGGGGGFGGGGGD9+::CEFDFF9FDF99,@E,:8,,+8CEEFA,,,<CFFFFE,C9E9,CCCFF8,C,,8++@@,E,,9,,:+@+@+8,<,,,:A++:BEF+?B++,:?CE,,,+,,,,,38+8++++@>,@<+>+*5**8?F,@F7>B7D9DF,,,7*<*<*7,7@,@,<?**4:<C:C***++*4=7*:CC+<:72<<@@C*+**2**2**:*****:*<+<::C*0<<+<+*+2+++0**277*2**295))0)*0*07057)0)0*97@<@46).(	VQLVESGGGSVQAGGSLILSCTASDDGYSSACMGWFRHAPGKEREAVATIYRYIVRTYYADSVKGRFIISQDNSKNMLYLQLCSLKPEDPALYFCS	GTGCAGCTGGTGGAGTCTGGGGGAGGCTCTGTGCAGGCTGGAGGGTCTCTGATACTCTCCTGTACAGCCTCTGACGACGGCTATAGCAGCGCGTGTATGGGCTGGTTCCGCCANGCTCCAGGAAAGGAGCGCGAGNCTGTCGCGACCATTTATCGTTATATTGTACGCACATATTATGCCGACTCCGTGAAGGGCCGATTCATCATCTCCCAGGACAACAGCAAGAACATGCTGTATCTGCAANTGTGCAGCCTTAAACCTGAGGACNCNGCCCTGTACTTCTGTTCG	VQLVESGGGSVQAGGSLILSCTASDDGYSSACMGWFRXAPGKEREXVATIYRYIVRTYYADSVKGRFIISQDNSKNMLYLQXCSLKPEDXALYFCS	5	
SRR3544218.44	IGHV3-23*01	68.92	3.69E-34	N/A	N/A	N/A	IGHJ1*01	92.59	2.75E-07	-	VH	False	GGAGACACCATTAGCAGGTACTGA	GDTISRY*	ACTT	N/A	N/A	N/A	GGGTCGATGAGCCGCTCCTGGGTAGCGTCTGGAGACACCATTAGCAGGTACTGAATGGGATGGTTCCGCCAGATGCCGGACAAGGAGCGCGAGGG-----CCGCGACT------------------------TACGCAGACTCCGTGAAGGGCCGATTCACCATCTCCAGAGACAACGCCAAGAACACTCTTTTTCTGCAGATGAACAACCTGAAACCTGAGGATTCTGCCAGATACTACTGTGCGACAGATCTCAATTCCTTTTTAGTCACCCCGGAGTTGATCCCTGGCTTTGCTTACACTGGCCAGGGGACCCAGGTCACCGTCTCC	GGGTCCCTGAGACTCTCCTGTGCAGCCTCTGGATTCACCTTTAGCAGCTATGCCATGAGCTGGGTCCGCCAGGCTCCAGGGAAGGGGCTGGAGTGGGTCTCAGCTATTAGTGGTAGTGGTGGTAGCACATACTACGCAGACTCCGTGAAGGGCCGGTTCACCATCTCCAGAGACAATTCCAAGAACACGCTGTATCTGCAAATGAACAGCCTGAGAGCCGAGGACACGGCCGTATATTACTGTGCGAAAGA----------------------------------------------------GGCCAGGGCACCCTGGTCACCGTCTCC	-34.(6))@8-).)))))*0)7)79.*1)*7/021*2**2**99+?<2+2+7<+<+9:3+*22****3++<73****<3?+CB:;4:*<*B:::4     *8@*E7,*                        *@*@,D@8+++,@,CD@366+,@9,,,A,?A,,,,<FFFFB+@B+:,,FFEEB5<,++,,,4,,,<9FEE9EF?,A<,,,F?B<,,,EFEC<,,,,:,,ECC,C,,C,+@+=7EC,EC<,,,<C:,,,,,,,,,C:,+@+7+,DE@E8<DC,,,8CFF@,,9DC<FF<CCGGGGGGGGGGGGGGGGGGGGDGGCCBA-	GSMSRSWVASGDTISRY*MGWFRQMPDKEREXXXATXXXXXXXXYADSVKGRFTISRDNAKNTLFLQMNNLKPEDSARYYCATDLNSFLVTPELIPGFAYTGQGTQVTVS	GGGTCGNTGAGCCGCTCCTGNGTAGCGTCTGGAGACACCATTAGCAGGTACTGNATGGGATGGTTCCGCCAGATGCCGGACAAGGAGCGNGAGNGNNNNNCCGCGACT------------------------TACGCAGACTCCGTGAAGGGCCGATTCACCATCTCCAGAGACAACGCCAAGAACACTCTTTTTCTGCAGATGAACAACCTGAAACCTGAGGATTCTGCCAGATACTACTGTGCGANAGATCTCAATTCCTTTTTAGTCACCCCGGAGTTGATCCCTGGCTTTGCTTACACTGGCCAGGGGACCCAGGTCACCGTCTCC	GSXSRSXVASGDTISRYXMGWFRQMPDKEXEXXXATXXXXXXXXYADSVKGRFTISRDNAKNTLFLQMNNLKPEDSARYYCAXDLNSFLVTPELIPGFAYTGQGTQVTVS	11	
SRR3544218.45	IGHV3-66*02	78.82	3.26E-71	N/A	N/A	N/A	N/A	N/A	N/A	+	VH	False	TGATACACCTACATTAGCTACTTC	*YTYISYF	ATTGATAGTGATGGGCTCGCA	IDSDGLA	GCGGCCGGCCCTCGGTCGTCGAAGTGGTGCGTTACCCTCACACCCAGCCGGCCGCACAGTCGTACATGG	AAGPRSSKWCVTLTPSRPHSRTW	GATGTGCAGCTGGTGGAGTCTGGGGGAGGCTCGGTGCAGGCTGGAGGGTCTCTGAGACTCTCCTGTGCAGTCTCTTGATACACCTACATTAGCTACTTCATTTGCTTGTTCCTCCATTCTCCATGGAAGTATCGCTCTGTAGTCTCGGTTATTGATAGTGATGGGCTCGCAAATTACGCATACTCCGTGAAGGGCCGATTCACCCTCTCCCAAGACAACGCCAACAACACTCTGTCTCTGCAAATGCACAGCCTGACACCTCAGGACACTGCCATGTACTACTGTGCG	GAGGTGCAGCTGGTGGAGTCTGGGGGAGGCTTGGTCCAGCCTGGGGGGTCCCTGAGACTCTCCTGTGCAGCCTCTGGATTCACCGTCAGTAGCAACTACATGAGCTGGGTCCGCCAGGCTCCAGGGAAGGGGCTGGAGTGGGTCTCAGTTATTTATAGCGGTGGTAGCACATACTACGCAGACTCCGTGAAGGGCCGATTCACCATCTCCAGAGACAATTCCAAGAACACGCTGTATCTTCAAATGAACAGCCTGAGAGCTGAGGACACGGCTGTGTATTACTGTGCG	GGGDFAFEGGGGGGGGGFGGGGC9++:77BEE7+B7@,,,@F,,<,,+8CFFG,,,,:CEFC@C,C,:,,:@CFE,,,C,9,CCE,C,,<,,4C,CC,<,C,,,<C,,:A?B,B4,,,<ABE,,,,,,,,,,<+?,,+,5,5:C,A,+8@+BE,,:,,:,5E,,3,AA+@+++,7,C+6++5@>EC7@+3+,,*3@**@BE,>2,>>>E8D,,,,6,,;*/:*****3*=?FF+<+<<F+99++41++2+*/:<8*9*9>C**0)08)97*9@68)9*998@F*6*7(	DVQLVESGGGSVQAGGSLRLSCAVS*YTYISYFICLFLHSPWKYRSVVSVIDSDGLANYAYSVKGRFTLSQDNANNTLSLQMHSLTPQDTAMYYCA	GATGTGCAGCTGGTGGAGTCTGGGGGAGGCTCGGTGCAGGCTGGAGGGTCTCTGAGACTCTCCTGTGCAGTCTCTTGATACACCTACATTAGCTACTTCATTTGCTNGTTCCTCCATTCTCCANGGAAGTATCNCTCTGTAGTCTCGGTTATTGATAGTGATGGGCTCGCAAATTACGCANACTCCGTGAAGGGCCGATTCACCCTCTCCNAAGACAACGCCAACAACACTCTGTCTCTGCAAATGNACAGCCTGACACCTNAGGACACTGCCATGTACTACTGTGCG	DVQLVESGGGSVQAGGSLRLSCAVS*YTYISYFICXFLHSPXKYXSVVSVIDSDGLANYAXSVKGRFTLSXDNANNTLSLQMXSLTPXDTAMYYCA	7	
SRR3544218.46	IGHV3-66*02	71.58	4.80E-51	N/A	N/A	N/A	N/A	N/A	N/A	+	VH	False	GGATTCCCTTTTGATCAACATCAC	GFPFDQHH	ATTCGCCGTGATTGTGCCACC	IRRDCAT	TCGTCCGACCGAGACGGTGACCTGGTTCCCCTCGCCCCACTAACCAATCCCGGTACTACTAC	SSDRDGDLVPLAPLTNPGTTT	GTGCAGCTGGTGGAGTCTGGGGGAGGCTCGGTGCAGTCTGGAGGGTCTCTGCGTCTCTCCTGTACAGCCTCTGGATTCCCTTTTGATCAACATCACATTGTCTGGTACCGCCTCCCTCCAGGGAATGAGTGCCAATTTCCCTCAACTATTCGCCGTGATTGTGCCACCTACTTTTCAGCGCCCGTGAAGTGCCGATTCACCATCTCCCAAGACCACCCCAACCACACGGTTCATCTTCAAATCAACAGCCTTAAACCTGACCACACCGCCCTCTTTTACTTTTCG	GTGCAGCTGGTGGAGTCTGGGGGAGGCTTGGTCCAGCCTGGGGGGTCCCTGAGACTCTCCTGTGCAGCCTCTGGATTCACCGTCAGTAGCAACTACATGAGCTGGGTCCGCCAGGCTCCAGGGAAGGGGCTGGAGTGGGTCTCAGTTATTTATAGCGGTGGTAGCACATACTACGCAGACTCCGTGAAGGGCCGATTCACCATCTCCAGAGACAATTCCAAGAACACGCTGTATCTTCAAATGAACAGCCTGAGAGCTGAGGACACGGCTGTGTATTACTGTGCG	GG9<EFFG?@FGGG@FGGF9-+++++@;CB+B,6,,,;E,,,,,+8C<E@,,+,8@CC@CC,:,C,,9C<CE,,,6CE,9CFFG,,5,,,:,9,,:,C,,,<<,,:,<9+7@++,8,::,,,++,B,,,<,5,,,BB,,5:?<,,37,5DA,+8+8++3,:9,,,,>,8,53,8,8,,8+35@*@*3*,3,2;1*4>B,,2,>:;,><,,,,2,46*48*****/*3**/23+31;+1+++<*+**+*9>C****09***))/))*)78>)8)0*/9*08*6/*(	VQLVESGGGSVQSGGSLRLSCTASGFPFDQHHIVWYRLPPGNECQFPSTIRRDCATYFSAPVKCRFTISQDHPNHTVHLQINSLKPDHTALFYFS	GTGCAGCTGGTGGAGTCTGGGGGAGGCTCGGTGCAGTCTGGAGGGTCTCTGNGTCTCTCCTGTACAGCCTCTGGATTCCCTTTTGATCAACATCACATTGTCTGGTNCCGCCTCCCTCCAGGGAATGAGTGCCAATTTCNCTCAACTATTCGCCGTGATTGTGCCACCTACTTTTCAGCGNCCGTGAAGNGCCGATTCACCATCTCCNAAGACNACCCCAACCACACGGTTCATCTTCAAATCAACAGCCTTAAACCTGACCACACCGCCCTCTTTTACTTTTCG	VQLVESGGGSVQSGGSLXLSCTASGFPFDQHHIVWXRLPPGNECQFXSTIRRDCATYFSAXVKXRFTISXDXPNHTVHLQINSLKPDHTALFYFS	7	
SRR3544218.47	IGHV3-7*01	67.12	4.00E-27	N/A	N/A	N/A	IGHJ4*02	93.94	9.27E-11	-	VH	True	GACTCCACCCACATGAGCCAGTGG	DSTHMSQW	ATTAACGAGAGTGGCGATATGGCC	INESGDMA	GCGGCGGGGCCCCGGAGACTTACGTCATGTGGTGGTCAGAAATGTAGAACATGCACACGGTCCTCTGACGACTATACTTAC	AAGPRRLTSCGGQKCRTCTRSSDDYTY	GCCCCAGACTCCACCCACATGAGCCAGTGGAGGGGCGGGGGCGGCCAGGCTACGGGGAAGGAGGGGGAGGGGGTAGGTAAAATTAACGAGAGTGGCGATATGGCCCGCGAGGTG---TCGTTGGAGGGCCGATTCACAATCTCCAAAGAAAACGTCAAGGAAACGATGTATCTCAAAATGACCAGACTGAAACCTGAGGACAGTGGGATGTACTACTGTGCGGCGGGGCCCCGGAGACTTACGTCATGTGGTGGTCAGAAATGTAGAACATGCACACGGTCCTCTGACGACTATACTTACTGGGGCCAGGGGACCCAGGTCACCGTCTCC	GCCTCTGGATTCACCTTTAGTAGCTATTGGATGAGCTGGGTCCGCCAGGCTCCAGGGAAGGGGCTGGAGTGGGTGGCCAACATAAAGCAAGATGGAAGTGAGAAATACTATGTGGACTCTGTGAAGGGCCGATTCACCATCTCCAGAGACAACGCCAAGAACTCACTGTATCTGCAAATGAACAGCCTGAGAGCCGAGGACACGGCTGTGTATTACTGTGCG---------------------------------------------------------------------------TACTGGGGCCAGGGAACCCTGGTCACCGTCTCC	,+,,,CC;,,+7@,,,C9C,FFA,,A-(-)-((-0)(0))))))))9:.))0)5?88=791)1*/391/*5:<*7:3+?<+<**8:*<<*C;*;2*3:+5******4*424**4   **?,,@DBB>3*,@7,,,7,,6,,,,,,C@@8,>8+3,,ADFDD>:+,,,@,:,++,,CBB,::,,A?:,,?FA<,8,EBBA<,EB,B:,<,A,<,,:,+8+=+@8+>>48++++9<,6<,,,8,:,,:,C,@C,9<,,C<,,C,FCEC,C,C,C,;,,+CC,C,,;8FF7FC,9E9FE9CF;7GGGGFFGGGGGGGGGGGGGGGGGGCC@A-	APDSTHMSQWRGGGGQATGKEGEGVGKINESGDMAREVXSLEGRFTISKENVKETMYLKMTRLKPEDSGMYYCAAGPRRLTSCGGQKCRTCTRSSDDYTYWGQGTQVTVS	GCCCCAGACTNCACCCACATGAGCCAGTGGANGGGCNGGGNCNGCCAGGCTNCGGGGAAGGAGNNGGAGGGGGTAGGTAAAATTAACGAGAGTGGCGATATGGCCCGCGAGGTGNNNTCGTTGGAGGGCCGATTCACNATCTCCAAAGANAACGTCAAGGAAACGATGTATCTCNAAATGACCAGNCTGAAACCTGAGGACAGNGGGATGTACTACTGTGCGGCGGGGCCCCGGAGACTTACGTCATGTGGTGGTCAGAAATGTAGAACATGCACACGGTCCTCTGACGACTATACTTACTGGGGCCAGGGGACCCAGGTCACCGTCTCC	APDXTHMSQWXGXXXQAXGKEXEGVGKINESGDMAREVXSLEGRFXISKXNVKETMYLXMTXLKPEDXGMYYCAAGPRRLTSCGGQKCRTCTRSSDDYTYWGQGTQVTVS	16	
SRR3544218.48	IGHV3-30*06	76.36	1.47E-20	N/A	N/A	N/A	N/A	N/A	N/A	+	VH	True	N/A	N/A	N/A	N/A	TCGTCAGATCCCCCTACTCCCCGTTCGCTTTCTCGTTCTTTGCCTCCTAACTACTTTG	SSDPPTPRSLSRSLPPNYF	TCCGTGAAGGGCCGATTCACGGTCTCCCTAGACGACGCCAAGAACATTCTGTATCTGCAAATTAACAGCCTGAATCCTTACTACACTCCCATGTACTTCTTTTCGTCAGA	TCCGTGAAGGGCCGATTCACCATCTCCAGAGACAATTCCAAGAACACGCTGTATCTGCAAATGAACAGCCTGAGAGCTGAGGACACGGCTGTGTATTACTGTGCGAGAGA	6A@<CE8DF9FFFGGGEGCE@7CCCFAG--,,;B7F+6@++6,;C,@EEE,F,CEE,6,,,6,,,:6,CCC,,,,<@<,,,,,<,C?,CC,C,<,6C,<9,6,5+,8,,,	SVKGRFTVSLDDAKNILYLQINSLNPYYTPMYFFSS	TCCGTGAAGGGCCGATTCACGGTCTCCCTAGACGACGCCAAGAACATTCTGTATCTGCAAATTAACAGCCTGAATCCTNACTACACTNCCATGTACTTCTTTTCGTCAGA	SVKGRFTVSLDDAKNILYLQINSLNPXYTXMYFFSS	2	
SRR3544218.49	IGHV3-7*03	74.14	3.83E-57	N/A	N/A	N/A	N/A	N/A	N/A	+	VH	False	GGATACACCCGGCGTAGCGGCTGC	GYTRRSGC	AATTCAAGATGATGGTGCGAAA	IQDDGAK	GCAGATCGTCCACAGTAGTACATGG	ADRPQ*YM	GAGGTGCAGCTGGTGGAGTCTGGGGGAGGCTCGGTGCAGGCTGGAGGGTCTCTGTCACTCTCCTGTGCGACCCGTGGATACACCCGGCGTAGCGGCTGCCTGGCCTGGTTCCGCCCGGTCCCAGGGAAGTAGCTCGAGATGGTCGCACA---AATTCAAGATGATGGTGCGAAACATTACAACAGCACCGCGGAGGGCCGGTTCACCATCTCCCATGACAACGCCAACAACACTCTGTATCTGCCAATGAACAGCCTGCAACCTTCGGACACTGCCATTTACTACTTTGC	GAGGTGCAGCTGGTGGAGTCTGGGGGAGGCTTGGTCCAGCCTGGGGGGTCCCTGAGACTCTCCTGTGCAGCCTCTGGATTCACCTTTAGTAGCTATTGGATGAGCTGGGTCCGCCAGGCTCCAGGGAAGGGGCTGGAGTGGGTGGCCAACATAAAGCAAGATGGAAGTGAGAAATACTATGTGGACTCTGTGAAGGGCCGATTCACCATCTCCAGAGACAACGCCAAGAACTCACTGTATCTGCAAATGAACAGCCTGAGAGCCGAGGACACGGCCGTGTATTACTGTGC	GGGFFFGGGGGGGGGGGGGGGGC?77@@CCEF++CBEC,,@E<,,,,+8CEEF,CC,CEEFFEE,C,:,,@>>+B,+,C,:,CCB++7+8++:++8@+BAA,+:BB++:ADB+>B+++8>@F9,+++,<,,3<,:+**,@,,8D*>*57   ,,8DF99,37,,@,,?,<****4,?B,?,,>*4<+<<*=*4****2;88:??+<E+@@<9<@*<*+<++;*/:*****2*;<8<+<+3::+0+++<*+*3+*2C5**57CD<**).)..9726<*9*1*99*090.*9	EVQLVESGGGSVQAGGSLSLSCATRGYTRRSGCLAWFRPVPGK*LEMVAXXIQDDGAKHYNSTAEGRFTISHDNANNTLYLPMNSLQPSDTAIYYF	GAGGTGCAGCTGGTGGAGTCTGGGGGAGGCTCGGTGCAGGCTGGAGGGTCTCTGTCACTCTCCTGTGCGACCCGTGGATACACCCNGCGTAGCGGCTGCCTGGCCTGGTTCCGCCNGGTCCCAGGGAAGTAGCTCGAGATGGTCGCNCA-NNAATTCAAGATGATGGTGCGAAACATTACAACAGCACCGCGGAGGGCCGGTTCACCATCTCCNATGACAACGCCAACAACNCTCTGTATCTGCNAATGAACAGCCTGCAACCTTCGGACACTGCCATTTACTACTTTGC	EVQLVESGGGSVQAGGSLSLSCATRGYTXRSGCLAWFRXVPGK*LEMVXXXIQDDGAKHYNSTAEGRFTISXDNANNXLYLXMNSLQPSDTAIYYF	8	
SRR3544218.50	IGHV3-11*03	79.41	4.09E-12	N/A	N/A	N/A	N/A	N/A	N/A	+	VH	True	N/A	N/A	N/A	N/A	N/A	N/A	CATGTGCAGCTGTTGGAGTCTGTGTTAGGCTCGGTGTACGCTTTAGGATCCATGACACTCTCCTGTGC	CAGGTGCAGCTGTTGGAGTCTGGGGGAGGCTTGGTCAAGCCTGGAGGGTCCCTGAGACTCTCCTGTGC	FCF<F<F9,CFC,C,,,,;@C,,,,,,,,;BF7+B,FC@,@B,,,,,,CE@,E9,;,ED@FFFG,E<A	HVQLLESVLGSVYALGSMTLSC	CATGTGCAGCTGTTGGAGTCTGNGTTAGGCTCGGTGTACGCTTTAGGATCCATGACACTCTCCTGTGC	HVQLLESXLGSVYALGSMTLSC	1	
SRR3544218.51	IGHV3-53*04	85.26	1.25E-87	N/A	N/A	N/A	N/A	N/A	N/A	+	VH	True	GGATACACCTACAGTAGCTACTTC	GYTYSSYF	ATTGATAGTGTTGGTAACACA	IDSVGNT	N/A	N/A	GTGCAGCTGGTGGAGTCTGGAGGAGGCTCCGTGCAGGCTGGAGGGTCTCTGAGACTCTCCTGTCAAGCCTCTGGATACACCTACAGTAGCTACTTCATGGGCTGGTTCCGCCAGGCTCCAGGGAAGGAGCGCGAGAGGGTCGCTAGTATTGATAGTGTTGGTAACACAAACTACGCAGACTCCGTGAAGGGCCGATTCACCATCTCCCGAGACCACGCCAAGAATACTCTGTATCTTCAAATGCACAGCCTGAAACCTGAGGACACTGCCATGTACTACTGTGCG	GTGCAGCTGGTGGAGTCTGGAGGAGGCTTGGTCCAGCCTGGGGGGTCCCTGAGACTCTCCTGTGCAGCCTCTGGGTTCACCGTCAGTAGCAACTACATGAGCTGGGTCCGCCAGGCTCCAGGGAAGGGGCTGGAGTGGGTCTCAGTTATTTATAGCGGTGGTAGCACATACTACGCAGACTCCGTGAAGGGCCGATTCACCATCTCCAGACACAATTCCAAGAACACGCTGTATCTTCAAATGAACAGCCTGAGAGCTGAGGACACGGCCGTGTATTACTGTGCG	GGGGGGGGGGGGGGGGGGGG9C@EECFFFFCGFGFC8FF<BD87+BFFGG9,,,:CFGGED,CFAA9<CEEE8,CF,C,CFG8FC8C,,CE9EF,C,C,,,CC,,CECF:CB+++:BEF8,,+9,?+E<?+@4++:+++BD:CF77C,CF,<F<@@@FGD8F9,@,@<<7DB9D+C@:CFAFF7D7<7,,*>CCBEEE,?C9EFCCB@**38BC6;*:CE5***5+?CCC+>+>CF+<7++3*+*2<*9FC4***:CF4*))97:/<7??*9)1*9F?F=9:0=(	VQLVESGGGSVQAGGSLRLSCQASGYTYSSYFMGWFRQAPGKERERVASIDSVGNTNYADSVKGRFTISRDHAKNTLYLQMHSLKPEDTAMYYCA	GTGCAGCTGGTGGAGTCTGGAGGAGGCTCCGTGCAGGCTGGAGGGTCTCTGAGACTCTCCTGTCAAGCCTCTGGATACACCNACAGTAGCTACTTCATGGGCTGGTTCCGCCAGGCTCCAGGGAAGGNGCNCGAGNGGGTCGCTAGTATTNATAGTGTTGGTAACACAAACTACGCAGACTCCGTGAAGGGCCGATTCACCATCTCCNGAGACNACGCCAAGAATACTCTGTATCTTCAAATGNACAGCCTGAAACCTGAGGACACNGCCATGTACTACTGTGCG	VQLVESGGGSVQAGGSLRLSCQASGYTXSSYFMGWFRQAPGKXXEXVASIXSVGNTNYADSVKGRFTISXDXAKNTLYLQMXSLKPEDXAMYYCA	9	
SRR3544218.52	IGHV3-15*01	87.40	6.52E-38	N/A	N/A	N/A	N/A	N/A	N/A	-	VH	True	GGATACACCTACAGTACCGCCTGC	GYTYSTAC	N/A	N/A	N/A	N/A	GTGAAGCTGGTGGAGTCTGGGGGAGGCTCGGTGCAGGCAGGGGGTTCTCTTAGACTCTCCTGTGCAGCCGCTGGATACACCTACAGTACCGCCTGCATGGGCTGGTTCCGCCAGGCTCCAGGGAAGG	GTGCAGCTGGTGGAGTCTGGGGGAGGCTTGGTAAAGCCTGGGGGGTCCCTTAGACTCTCCTGTGCAGCCTCTGGATTCACTTTCAGTAACGCCTGGATGAGCTGGGTCCGCCAGGCTCCAGGGAAGG	E9C,:E88BA8CDB@,++CC=?EE@@+++:A8E<EE?<EFECEA,,,,,,,A?A,,,,,9,B,?+C@+6@,<EEFCE9C,6,C,FB+@8+7,99CCF8FFC8CECC:76;,,EC<,,<,FEDFGGEF	VKLVESGGGSVQAGGSLRLSCAAAGYTYSTACMGWFRQAPGK	GTGNAGCTGGTGGAGTCTGGGGGAGGCTNGGTGCAGGCAGGGGGTTCTCTTAGACTCTCCTGTGCAGCCNCTGGATACACCTACAGTACCGCCTGCATGGGCTGGTTCCGCCAGGCTCCAGGGAAGG	VXLVESGGGXVQAGGSLRLSCAAXGYTYSTACMGWFRQAPGK	3	
SRR3544218.53	IGHV3-66*02	80.70	1.47E-73	N/A	N/A	N/A	N/A	N/A	N/A	+	VH	False	GGATACAACCCCTGTATCTACGAA	GYNPCIYE	ATTGATAGTTATGGTAGCACA	LIVMVA	N/A	N/A	GATGTGCAGCTGGTGGAGTCTGGGGGAGGCTCGGTGCAGACTGGAGGGTCTCTGAGACTCTCCTGTGCATACTCTGGATACAACCCCTGTATCTACGAAATGAGCTGGTACCGCCTG-CTCCAGGTAAGCAGCGCGAGTATGTCGGCAGTATTGATAGTTATGGTAGCACAACTTACGCCGACTTTGTGAAGTGCCGATTCACCATCTCCCAAGACAATCCCAAGAACACGGTGTATCTGCAAATGAACAGCCTGAAACCTGAGGCCACGGGCATGTATTACTGT	GAGGTGCAGCTGGTGGAGTCTGGGGGAGGCTTGGTCCAGCCTGGGGGGTCCCTGAGACTCTCCTGTGCAGCCTCTGGATTCACCGTCAGTAGCAACTACATGAGCTGGGTCCGCCAGGCTCCAGGGAAGGGGCTGGAGTGGGTCTCAGTTATTTATAGCGGTGGTAGCACATACTACGCAGACTCCGTGAAGGGCCGATTCACCATCTCCAGAGACAATTCCAAGAACACGCTGTATCTTCAAATGAACAGCCTGAGAGCTGAGGACACGGCTGTGTATTACTGT	GGGGGGGGGGGGGGFDGGGGGGFC>CGDGFGFC+FCF8<9EFC<8<7+BFFEG9,,,:FFGFFE,C,C,C,:EC@9,<E9C,,C@BEF,C9,CF,E,,,,C,,5CF,,B,BF:F+++ BBEF,,,,,5,:,:B+>++6@DD,C<,+++@:,8C,,C3,@,,8,7@@,@,@3,@CC,@3@*33>BFD@D7;BC,,>D8CCGF9CE@FG;;<:,,**3+*<+5<8*/*088;8C:*=+=<C7<+=+<+:+:?*=FG4**:C4D***))05<)))>:D>9*9@=@@*9	DVQLVESGGGSVQTGGSLRLSCAYSGYNPCIYEMSWYRLXPGKQREYVGSIDSYGSTTYADFVKCRFTISQDNPKNTVYLQMNSLKPEATGMYYC	GATGTGCAGCTGGTGGAGTCTGGGGGAGGCTCGGTGCAGACTGGAGGGTCTCTGAGACTCTCCTGTGCATACTCTGGATACAACCCCTGTATCTACGANATGAGCTGGTNCCGCCTG-CTCCAGGNAAGCNGCGCGAGTATGTCGGCAGTATTNATAGTTATGGTAGCACAACTTACGCCGACTTTGTGAAGNGCCGATTCACCATCTCCCAAGACAATCCCAAGAACACGGTGTATCTGCAAATGAACAGCCTGAAACCTGAGGNCACGGGCATGTATTACTGT	DVQLVESGGGSVQTGGSLRLSCAYSGYNPCIYXMSWXRLXPXKXREYVGSIXSYGSTTYADFVKXRFTISQDNPKNTVYLQMNSLKPEXTGMYYC	7	
SRR3544218.54	IGHV3-66*02	76.79	1.04E-63	N/A	N/A	N/A	N/A	N/A	N/A	+	VH	False	GGCGACACCATTTGAAGGTACTTC	GDTI*RYF	ATTGAAAGTGATGGGAGTACA	IESDGST	GCCACTGCTCGAGACGGTGACCTGGTTC	ATARDGDLV	GTGCAGCTGGTGGAGTCTGGGGGAGGCTCGGTGCAGGTTGGAGGGTCTCTGACAGTCTCCTGTGTAGCCTCTGGCGACACCATTTGAAGGTACTTCATGGGCTGTTTCCGCCAGCTTCCGGACAGGTAGCGCGAGGGTGTCGCAGGTATTGAAAGTGATGGGAGTACAAGCTACGCAGACTCCGTGAAGGGCCGATTCACCATCTCGCATGACGACCCCCAGACCACGCTTTATCTGCACATGAACATCCTGCGCTCTTCGGACACGGCCCTTTATTACT	GTGCAGCTGGTGGAGTCTGGGGGAGGCTTGGTCCAGCCTGGGGGGTCCCTGAGACTCTCCTGTGCAGCCTCTGGATTCACCGTCAGTAGCAACTACATGAGCTGGGTCCGCCAGGCTCCAGGGAAGGGGCTGGAGTGGGTCTCAGTTATTTATAGCGGTGGTAGCACATACTACGCAGACTCCGTGAAGGGCCGATTCACCATCTCCAGAGACAATTCCAAGAACACGCTGTATCTTCAAATGAACAGCCTGAGAGCTGAGGACACGGCTGTGTATTACT	GGGGGGGGDFGGDCEGGGGD9+:7+@FEF>7FEG8,,CC,8,,,+B<,<E9,C,,CCFEAC6C6C9,C6CCD,,,++8+7C,CE,,,,,,:,CC,<,<,,+:44,:?FC+4?+++:C?E7++86+<,:<,+3+6+++++8@+3++3>,:E,,,3,@,,@,,@,*63>,,7<>,7*5**1C>F:*C***,,16B7*=CF+<C+?CB9+/*41+3*1:*:;****2;*;C*/*;+A<F793++3*+*<+<6F=*9)<)>C**))07)95)7@G:)9*9@*/9	VQLVESGGGSVQVGGSLTVSCVASGDTI*RYFMGCFRQLPDR*REGVAGIESDGSTSYADSVKGRFTISHDDPQTTLYLHMNILRSSDTALYY	GTGCAGCTGGTGGAGTCTGGGGGAGGCTCGGTGCAGGTTGGAGGGTCTCTGACAGTCTCCTGTGTAGCCTCTGGCGACACCATTTGAAGGTACTTCATGGGCTGNTTCCGCCAGCTTCCGGACAGGTAGCGCGAGNGTGTCGCAGGTATTGAAAGTGATGGGAGTACAAGCTACGCAGACTCCGTGAAGGGCCGATTCACCATCTCGNATGACGACNCCCAGACCACGCTTTATCTGCANATGAACATCCTGCGNTCTTNGGACACGGCCCTTTATTACT	VQLVESGGGSVQVGGSLTVSCVASGDTI*RYFMGXFRQLPDR*REXVAGIESDGSTSYADSVKGRFTISXDDXQTTLYLXMNILXSXDTALYY	7	
SRR3544218.55	IGHV3-NL1*01	78.80	8.31E-70	N/A	N/A	N/A	N/A	N/A	N/A	+	VH	True	GGATACACCTACAGTCCCGCGTGC	GYTYSPAC	ATTTATACTGGTGGTGTTAGTACA	IYTGGVST	TCCGCGCGAGACGGTGACCTGTGTCCCCTGGCCCCATTAGAGATGCTCATTGTTTCCTGGTTC	SARDGDLCPLAPLEMLIVSWF	GTGCAGCTGGTGGAGTCTGGGGGAGGCTCGGTGCACGTTGGAGGGTCTCTGAGACTCTCCTGTGCAGCCTCTGGATACACCTACAGTCCCGCGTGCATGGGCTGGTTCCACCATTCTCCAGTGAAGGACCGCGAGAGGGTCGCGTCTATTTATACTGGTGGTGTTAGTACATCCTATGCCGACTCCGTGAAGGGCCGATTCACCATCTCCCGATACCACGCCAAGAACACGCTGTATCTACCAATTAACATCCTGAAACCTGAGGCCCCTTCCATTTACTACT	GTGCAGCTGGTGGAGTCTGGGGGAGGCGTGGTCCAGCCTGGGGGGTCCCTGAGACTCTCCTGTGCAGCGTCTGGATTCACCTTCAGTAGCTATGGCATGCACTGGGTCCGCCAGGCTCCAGGCAAGGGGCTGGAGTGGGTCTCAGTTATTTATAGCGGTGGTAGTAGCACATACTATGCAGACTCCGTGAAGGGCCGATTCACCATCTCCAGAGACAATTCCAAGAACACGCTGTATCTGCAAATGAACAGCCTGAGAGCTGAGGACACGGCTGTGTATTACT	GGGGGGGGGGGFGGGGGGGC?7:FEDFFFC7F:FCE,CF,<,,,+BEFFF,,,,:EFGFFC,C,:,,:CEFF,,,C,C,:EEAF,,<CEE+>+@+8+<,,+9B++:CEE,C?,,,<@EF,,,,,,,,,:A+@+++++++8@+@+@F@+@EF9F;F@,,@,:F*,6,,@,@,@,6D,@2>D**4:CE:F7**,,*=B**4=<+>F+><<>B8****1++2*28*/***:*:*22*:*2<<+<+0+2+:+:7*99=**2*29?)0.)/.*05*87*9*9*986>?	VQLVESGGGSVHVGGSLRLSCAASGYTYSPACMGWFHHSPVKDRERVASIYTGGVSTSYADSVKGRFTISRYHAKNTLYLPINILKPEAPSIYY	GTGCAGCTGGTGGAGTCTGGGGGAGGCTCGGTGCACGTTGGAGGGTCTCTGAGACTCTCCTGTGCAGCCTCTGGATACACCTACAGTCCCGCGTGCATGGGCTGGTTCCNCCATTCTCCAGTGAAGGNCCGCGAGNGGGTCGCGTCTATTTATACTGGTGGTGTTAGTACATCCTATGCCGACTCCGTGAAGGGCCGATTCACCATCTCCNGANACNACGCCAAGAACACGCTGTATCTACNAATTAACATCCTGAAACCTGAGGNCNCTTCCATTTACTACT	VQLVESGGGSVHVGGSLRLSCAASGYTYSPACMGWFXHSPVKXREXVASIYTGGVSTSYADSVKGRFTISXXXAKNTLYLXINILKPEXXSIYY	9	
SRR3544218.57	IGHV3-66*02	76.84	4.07E-65	N/A	N/A	N/A	N/A	N/A	N/A	+	VH	False	GCAATCGGTGATACTTACAACTGC	AIGDTYNC	ATTGATAGTGATGGTATTACA	IDSDGIT	TCGGCGGACGAGACGGTGACCTGGGTCCCCTGGCCCCAGTAACCAAAGGGTGGGGTCGCAAAAGAGCGGAAATAACAACCAGAGGGTCCCCTTCGATC	SADETVTWVPWPQ*PKGGVAKERK*QPEGPLRS	GTGCAGCTGGTGGAGTCTGGGGGAGGCTCGGTGCGGACTGGAGGGTCTCTGAGACTTTCCTGTGCAGCCTCTGCAATCGGTGATACTTACAACTGCATGGGCTGGTTCCGCGAGAATGCAAAGAAGGAGCGCGAGGTACTCGCAACTATTGATAGTGATGGTATTACAAGTTACGCAGACTCCGTGAAGGGCCGATTCGCCATCACCAAAGCCAACGTCACGAATATTCTGTATCTGCAAATGAACAGTCTGAAACTTGAGGACACTGGCCTGTACTACTGTTCG	GTGCAGCTGGTGGAGTCTGGGGGAGGCTTGGTCCAGCCTGGGGGGTCCCTGAGACTCTCCTGTGCAGCCTCTGGATTCACCGTCAGTAGCAACTACATGAGCTGGGTCCGCCAGGCTCCAGGGAAGGGGCTGGAGTGGGTCTCAGTTATTTATAGCGGTGGTAGCACATACTACGCAGACTCCGTGAAGGGCCGATTCACCATCTCCAGAGACAATTCCAAGAACACGCTGTATCTTCAAATGAACAGCCTGAGAGCTGAGGACACGGCTGTGTATTACTGTGCG	GGGGGGGGGGGGGFGGGGGC8CGGGDCEFC@F:F7+:FF<88,7+BCFFG9,,,CFFFFAF,C,C,,9EFEE,E9,9C,,B,<C,CEE9C,5B?,B,B,,+BB7+B?EE7=++++8C,C,,,,,3,AC,3+@++3@+,:@C+C++>>,@C;9F9,@,9F,@F,@D,@,,3,@<@*C7*:><CF<C77*,,*;ECGCEC8CECFC+>A+**5*326;8@E5*2**:*C::C7C@CFF+A+++:7*0<:222::7*7>FF**074;*7C/)9>909*@F?@?7B*:(	VQLVESGGGSVRTGGSLRLSCAASAIGDTYNCMGWFRENAKKEREVLATIDSDGITSYADSVKGRFAITKANVTNILYLQMNSLKLEDTGLYYCS	GTGCAGCTGGTGGAGTCTGGGGGAGGCTCGGTGCGGACTGGAGGGTCTCTGAGACTTTCCTGTGCAGCCTCTGCAATCGGTGATACTTACAACTGCATGGGCTGGTTCCGCGAGAATGCAAAGAAGGAGCNCGAGGTACTCGCAACTATTGATAGTGATGGTATTACAAGTTACGCAGACTCCGTGAAGGGCCGATTCGCCATCNCCAAAGNCAACGTCACGAATATTCTGTATCTGCAAATGAACAGTCTGAAACTTGAGGACACTGGCCTGTACTACTGTTCG	VQLVESGGGSVRTGGSLRLSCAASAIGDTYNCMGWFRENAKKEXEVLATIDSDGITSYADSVKGRFAIXKXNVTNILYLQMNSLKLEDTGLYYCS	3	
SRR3544218.59	IGHV3-23*03	78.47	2.82E-70	N/A	N/A	N/A	N/A	N/A	N/A	+	VH	False	GGAGACGGCTACAGTAGCAGCGCG	GDGYSSSA	CTTTGGAGTGTGGATCTCAGTACA	LWSVDLST	TCGGCGTGAGACGGTGACCTGGGTCCCCTGCCCCATACAACCGAAATTAGTGCGCTGACGACTGAGGAAGAAGGCTCGATGACAATATGCTTT	SA*DGDLGPLPHTTEISALTTEEEGSMTICF	GTGCAGCTGGTGGAGTCTGGGGGAGGCTCGGTGCAGGCTGGAGGGTCTCTGAGACTCTCCTGTGCAGCCTCTGGAGACGGCTACAGTAGCAGCGCGCTGGGCTGGTTCCGCCAGGCTCCAGGGAAGGAGCGCCAGGGGGTCGCACTTCTTTGGAGTGTGGATCTCAGTACATACTATCTCGACTCCGTGAAGGGCCGTTTCAATATCTCGCTTGACGCCGCCAAGAATACGTTGTATCTGCAAATGAACAGCCTGAGACCGGAGGACACTGCCATTTACTACTGTTCG	GTGCAGCTGTTGGAGTCTGGGGGAGGCTTGGTACAGCCTGGGGGGTCCCTGAGACTCTCCTGTGCAGCCTCTGGATTCACCTTTAGCAGCTATGCCATGAGCTGGGTCCGCCAGGCTCCAGGGAAGGGGCTGGAGTGGGTCTCAGTTATTTATAGCGGTGGTAGTAGCACATACTATGCAGACTCCGTGAAGGGCCGGTTCACCATCTCCAGAGATAATTCCAAGAACACGCTGTATCTGCAAATGAACAGCCTGAGAGCCGAGGACACGGCCGTATATTACTGTGCG	GGGGGGGGGGGGGGGGGGGF?7@FEDFGFC7F@FD98@F8:C877BFEEF9,,,:CFFFFF8C,E9@ECEFE,,,,,:,,@B,C,,C,,9,,C+7++8+++:B++BBFF+BC+++:?DC,,,++,++=,:+@B++++++5C*>*>>CCCFF9,,,6,@,*,><<@,,@,?,@,><,@CAC,,48<B*=***+2*;C7BEFC++C+2:<<*;1***3*;:*5:**2**A+3*<C8E*<:C7C+*+2+00:777CC*0**2/)0)03*7*76*/7)1*1*98*6846)6(	VQLVESGGGSVQAGGSLRLSCAASGDGYSSSALGWFRQAPGKERQGVALLWSVDLSTYYLDSVKGRFNISLDAAKNTLYLQMNSLRPEDTAIYYCS	GTGCAGCTGGTGGAGTCTGGGGGAGGCTCGGTGCAGGCTGGAGGGTCTCTGAGACTCTCCTGTGCAGCCTCTGGAGACGGCTACAGTAGCAGCGCNCTGGGCTGGTTCCGCCAGGCTCCAGGGAAGGAGCNCCAGNGGGTCGCACTTCTTTGGAGTGTGGATCTCAGTACATACTATCTCGACTCCGTGAAGGGCCGTTTCAATATCTCGCTTGACGCCGCCAAGAATACGTTGTATCTGCAAATGAACAGCCTGAGACCGGAGGACACTGCCATTTACTACTGTTCG	VQLVESGGGSVQAGGSLRLSCAASGDGYSSSXLGWFRQAPGKEXQXVALLWSVDLSTYYLDSVKGRFNISLDAAKNTLYLQMNSLRPEDTAIYYCS	3	
SRR3544218.61	IGHV3-15*02	89.66	3.85E-04	N/A	N/A	N/A	IGHJ4*02	85.37	1.91E-08	+	VH	False	N/A	N/A	N/A	N/A	N/A	N/A	GATGTGCAGCTGGTGGAGTCTGGTGGGGCAAAAGGACCTACGCCTTTGACTACGACTATGACTATCGGGGTCAGGGGACCCAGGTCACCGTCTCC	GAGGTGCAGCTGGTGGAGTCTGGGGGAGC-------------------------ACTTTGACTACTGGGGCCAGGGAACCCTGGTCACCGTCTCC	GGGGGGGGGGGGGGGGGGGGGGGGDGFGGGGCGGGGGGGGGGGGGGGDFFGFGCCCF7FADFGAFE@@:CFF8888CEFFE8=,CFFGF7FFDGF	DVQLVESGGAKGPTPLTTTMTIGVRGPRSPS	GATGTGCAGCTGGTGGAGTCTGGNGGGGCAAAAGGACCTACGCCTTTGACTACGACTATGACTATNGGGGTCAGGGGACCCAGGTCACCGTCTCC	DVQLVESXGAKGPTPLTTTMTXGVRGPRSPS	2	
SRR3544218.62	IGHV3-9*01	87.39	2.77E-32	N/A	N/A	N/A	IGHJ4*02	91.18	1.33E-09	+	VH	True	N/A	N/A	N/A	N/A	TCGTCCGCGGCGTACCATAGTAACTGGGCCCGCCTAGAAAAGCGGTATTATAGCTAC	SSAAYHSNWARLEKRYYSY	TATGCGGAGTCCGTGAAGGGCCGATTCACCATCTCCCAAGACAACGCCGAGAACACTCTGTATCTGCAAATGAACAGCCTGAAACCTGAGGACTCTGCCATGTACTACTGTTCGTCCGCGGCGTACCATAGTAACTGGGCCCGCCTAGAAAAGCGGTATTATAGCTACTGGTGCCAGGGGACCCAGGTCACCGTCTCC	TATGCGGACTCTGTGAAGGGCCGATTCACCATCTCCAGAGACAACGCCAAGAACTCCCTGTATCTGCAAATGAACAGTCTGAGAGCTGAGGACACGGCCTTGTATTACTGT-----------------------------------------------------CTACTGGGGCCAGGGAACCCTGGTCACCGTCTCC	GGGGGGGDGGGGGGGGGG?7FGGGGGFFGFGGGGGGGCC88C8@F:@F7+++,C<FDFE,C9EFG,C,,,<,,?C,,CCF88,,:ED8,,,,:CFF,EE,B,C,CE,CF,<,<+BFC:>++@+@>CC,B,,C,9DC,,,>DC+><>+,,,;7,6*:F:FF9@,,@@,7>,,,,7?;,****:CE,,*7C,BC@FGCFC	YAESVKGRFTISQDNAENTLYLQMNSLKPEDSAMYYCSSAAYHSNWARLEKRYYSYWCQGTQVTVS	TATGCGGAGTCCGTGAAGGGCCGATTCACCATCTCCCAAGACAACGCCGAGAACACTCTGTATCTGCAAATGAACAGNCTGAAACCTGAGGACTCNGCCATGTACTACTGTTCGTCCGCGGCGTACCATAGTAACTGGGCCCGCCTAGAAAAGCGGTATTATAGCTACTGGNGCCAGGGGACCCAGGTCACCGTCTCC	YAESVKGRFTISQDNAENTLYLQMNXLKPEDXAMYYCSSAAYHSNWARLEKRYYSYWXQGTQVTVS	3	
SRR3544218.64	IGHV3-23*04	68.40	1.66E-36	N/A	N/A	N/A	N/A	N/A	N/A	+	VH	True	GCGAACCCCTCGATTGGCGCCTCC	ANPSIGAS	ATCCCTTCTCCGGCCCCTCCCCCC	IPSPAPPP	N/A	N/A	GATGTGCAGCTGGTGGAGTCTGGGGGAGGCTCGGTGCAGCCTGGAGGTTCTCTGAGCCTCTCCTGTTTGGCCTCTGCGAACCCCTCGATTGGCGCCTCCTTACCCTGGTTCCCCCAGCCTCCAGGGAAGGACCCCGAGGCGGTCCCCGCTATCCCTTCTCCGGCCCCTCCCCCCTCCTATGCCGCTTTCGTGCAGGGCCGATTCCCCATCTCCCGTGACACCGCCAATACCCCGGTTTTCCTCCACTTGA	GAGGTGCAGCTGGTGGAGTCTGGGGGAGGCTTGGTACAGCCTGGGGGGTCCCTGAGACTCTCCTGTGCAGCCTCTGGATTCACCTTTAGCAGCTATGCCATGAGCTGGGTCCGCCAGGCTCCAGGGAAGGGGCTGGAGTGGGTCTCAGCTATTAGTGGTAGTGGTGGTAGCACATACTACGCAGACTCCGTGAAGGGCCGGTTCACCATCTCCAGAGACAATTCCAAGAACACGCTGTATCTGCAAATGA	GGGGGGGGGGGGCGGGG9CCFGDFDFFG+,;C:+B:CF<,;CE<<F766:<6FC,,,,6C@E<E,C9<6,:,6:C,,+7+8+B44,+,4<,,9+84?+4,5<,:,:,+959B,:=++,4,B?,,,+B,>7,A>+>8=7++++8**,,*3**15,3>9<,,3**<<F:**6<*C7**42,7,?<**4;1</:**2+**AC8*2/<+<;600+3<8*;**;++;*:?8*++00+2**:***+03+2*0+0+<	DVQLVESGGGSVQPGGSLSLSCLASANPSIGASLPWFPQPPGKDPEAVPAIPSPAPPPSYAAFVQGRFPISRDTANTPVFLHL	GATGTGCAGCTGGTGGAGTCTGGGGGAGGCTCGGTGCAGCCTGGAGGTTCTCTGAGNCTCTCCTGTTTGGCCTCTGCGAACCCCTCGATTGGCGCCTCCTTACCCTGGTTCCCCCAGCCTCCAGGGAAGGACCCCGAGGCGGTCCCCGCTATCCCTTCTCCGGCCCCTCCCCCCTCCTATGCCGCTTTCGTGCAGGGCCGATTCNCCATCTCCNGTGACACCGCCAATACCNCGGTTTTCCTCCACTTGA	DVQLVESGGGSVQPGGSLXLSCLASANPSIGASLPWFPQPPGKDPEAVPAIPSPAPPPSYAAFVQGRFXISXDTANTXVFLHL	4	
SRR3544218.66	IGHV3-72*01	80.80	1.81E-29	N/A	N/A	N/A	N/A	N/A	N/A	+	VH	True	GTTTACACCTACAGGTCCCTTTGT	VYTYRSLC	N/A	N/A	N/A	N/A	GATGTGCAGCTGGTGGAGTCTGGGGGAGGCTCGGTGCAGACTGGAGGGTCTCTGAGACTCTCCTGTGTCTCCTCTGTTTACACCTACAGGTCCCTTTGTATGGGCTTGTTCCCCCAGGTTCCAGG	GAGGTGCAGCTGGTGGAGTCTGGGGGAGGCTTGGTCCAGCCTGGAGGGTCCCTGAGACTCTCCTGTGCAGCCTCTGGATTCACCTTCAGTGACCACTACATGGACTGGGTCCGCCAGGCTCCAGG	F8ECF,@@,<E,,;,,,,CCC,,,+++8+,B<++B,:<E,;<,,,6,+8C@CC<,,,C@C?C<A<F8F,,:9AEE,,,:,6,59A,:,,,,9=A,,9,E,C@,,99,+9>,9,48+++9>9=,,,	DVQLVESGGGSVQTGGSLRLSCVSSVYTYRSLCMGLFPQVP	GATGTGCAGCTGGTGGAGTCTGGGGGAGGCTNGGTGCAGACTGGAGGGTCTCTGAGACTCTCCTGTGTCTCCTCTGNTTACACCTNCAGGTCCCTTTGTATGGGCTNGTTCCCCCAGGTTCCAGG	DVQLVESGGGXVQTGGSLRLSCVSSXYTXRSLCMGXFPQVP	4	
SRR3544218.68	IGHV3-69-1*01	76.14	3.06E-63	N/A	N/A	N/A	N/A	N/A	N/A	+	VH	True	CGATACCCCTTTAGTGCCTATTGT	RYPFSAYC	CTTGGGAATGATGGTATTATA	LGNDGII	N/A	N/A	GTGCAGCTGGTGGAGTCTGGGGGAGGCTCGGTGCAGGCTGGAGGGAGTCTGACACTCTCCTGCGACGCCTCTCGATACCCCTTTAGTGCCTATTGTATGGGCTGGTCGCGCCCGGATCCAGGGAAGGAGCGCGAGGGGGTCGCAACCCTTGGGAATGATGGTATTATAGACTACGCAAACACCGTAAAGGGCCGATTCACCATCTCCCAAGACAAGGCCAATCATATGCTGTATCTGCAGATGGATATCCTGAAAACTGAGGACACTGCCATGTACTACTGTTCG	GTGCAGCTGGTGGAGTCTGGGGGAGGCTTGGTAAAGCCTGGGGGGTCCCTGAGACTCTCCTGTGCAGCCTCTGGATTCACCTTCAGTGACTACTACATGAACTGGGTCCGCCAGGCTCCAGGGAAGGGGCTGGAGTGGGTCTCATCCATTAGTAGTAGTAGTACCATATACTACGCAGACTCTGTGAAGGGCCGATTCACCATCTCCAGAGACAACGCCAAGAACTCACTGTATCTGCAAATGAACAGCCTGAGAGCCGAGGACACGGCTGTGTATTACTGTGCG	GGGGGGGGGGGGGGGGGGGG9+:FGGGGGDDGEGD98FF87E<7+,,BEF9,C,CFFGGAA,C+6@7=>EFE=,5C,8,:CEFG9,<,?BE,BB,C,<,,,4B++:?+@+8>++++8>=9,,+8,3+,,>+8++8****5>:<*1=:CCF,,,,,<,,?<9F,,7,?,,,><,?*4*1:=*<B*@5:*++*1;C*:CC+<:+CEC::@***0;+***1;8*+;+<+<7<C+<+<?C+<+++3*+*<++:C:*0***9C**0))<>9@0=?C=)9*@F498*69@(	VQLVESGGGSVQAGGSLTLSCDASRYPFSAYCMGWSRPDPGKEREGVATLGNDGIIDYANTVKGRFTISQDKANHMLYLQMDILKTEDTAMYYCS	GTGCAGCTGGTGGAGTCTGGGGGAGGCTCGGTGCAGGCTGGAGGGAGTCTGACACTCTCCTGCGACGCCTCTCGATACCCCTTTAGTGCCTATTGTATGGGCTGGTNGCGCCNGGATCCAGGGAAGGNGCNCGAGNGGGTCGCAACCCTTGGGAATGATGGTATTATAGACTACGCAAACACCGTAAAGGGCCGATTCACCATCTCCNAAGACAAGGCCAATCATATGCTGTATCTGCAGATGGATATCCTGAAAACTGAGGACACTGCCATGTACTACTGTTCG	VQLVESGGGSVQAGGSLTLSCDASRYPFSAYCMGWXRXDPGKXXEXVATLGNDGIIDYANTVKGRFTISXDKANHMLYLQMDILKTEDTAMYYCS	6	
SRR3544218.69	IGHV3-66*02	79.79	1.47E-73	N/A	N/A	N/A	N/A	N/A	N/A	+	VH	False	GGAAACACCGTCAGTAGTGCCTGC	GNTVSSAC	ATTGATTATGATGGTAACACA	IDYDGNT	GCGCCTGGGGGAGACGGTGACCTGGGTCCCC	APGGDGDLGP	AGGTGCAGCTGGTGGAGTCTGGGGGGGGCTCGGTGCAGGCTGGAGGGTCCCTGACACTCTCCTGTGTAGCCTCTGGAAACACCGTCAGTAGTGCCTGCATGGGTTGGTTCCGCCAGACTACAGAGAAGGGGCGCGAGGGGGTCGCGGCTATTGATTATGATGGTAACACAAACTACGCACATACCGTGAAGGGCCGATTCACCATCTCCCGCGACAAGGCCGCTAACACTTTGACTCTGCAAATGACCAGCCTCCAACCTGAGGACAGTGCCATTTACTACTGTGCG	AGGTGCAGCTGGTGGAGTCTGGGGGAGGCTTGGTCCAGCCTGGGGGGTCCCTGAGACTCTCCTGTGCAGCCTCTGGATTCACCGTCAGTAGCAACTACATGAGCTGGGTCCGCCAGGCTCCAGGGAAGGGGCTGGAGTGGGTCTCAGTTATTTATAGCGGTGGTAGCACATACTACGCAGACTCCGTGAAGGGCCGATTCACCATCTCCAGAGACAATTCCAAGAACACGCTGTATCTTCAAATGAACAGCCTGAGAGCTGAGGACACGGCTGTGTATTACTGTGCG	GGGGGGGGGGGGGGGGGGGGGGFDGGGGGGGGGGGGFGFGGFGFC>>AFCFG66<6CEGGFFF6<6CC?CCEGGC67?,;6CCCEE5+<7,<6@FC7@,<768@C*5;CCFCCE**,;E7C6,,,86C5>5C8C5*8:>5*:A5?88C?*<E7<FE+<79F7?FC+<7A***;<9<*:*?5<+<@*;8C578C:CE5EE9+CE6CFFCCG8*1*2****;@5>8*2<+<<<C++<<<F+<+++<7+:<6*9F79C4*9CC**034>5*1*9F7@*9*077=0*6*92	VQLVESGGGSVQAGGSLTLSCVASGNTVSSACMGWFRQTTEKGREGVAAIDYDGNTNYAHTVKGRFTISRDKAANTLTLQMTSLQPEDSAIYYCA	AGGTGCAGCTGGTGGAGTCTGGGGGGGGCTCGGTGCAGGCTGGAGGGTCCCTGACACTCTCCTGTGTAGCCTCTGGAAACACCGTCAGTAGTGCCTGCATGGGTTGGTTCCGCCAGACTACAGAGAAGGGGCGCGAGNGGGTCGCGGCTATTGATTATGATGGTAACACAAACTACGCANATNCCGTGAAGGGCCGATTCACCATCTCCNGNGACAAGGCCGCTAACACTTTGACTCTGCAAATGACCAGCCTCCAACCTGAGGACAGNGCCATTTACTACTGTGCG	VQLVESGGGSVQAGGSLTLSCVASGNTVSSACMGWFRQTTEKGREXVAAIDYDGNTNYAXXVKGRFTISXDKAANTLTLQMTSLQPEDXAIYYCA	6	
SRR3544218.70	IGHV3-53*01	73.87	6.52E-38	N/A	N/A	N/A	IGHJ4*02	86.36	3.51E-10	+	VH	True	ACTGC	C	ACTAATACTAATGGTAACATC	TNTNGNI	TCGGGAGATCCTATTCGCCTGGTCCCCAGCGTCGCTTTTTGTGGTCGCGACTACGTGGACTAC	SGDPIRLVPSVAFCGRDYVDY	ACTGCATGGGCTGGTTCCGCCAGACTCCAGGGAAGGGGTGCGAATTGGTCGCAAGTACTAATACTAATGGTAACATCTACTTACGGTACTCCGTGAAGGGCCGATTCAGCATCTCCCGCGCGAACATCCGGCAAACGGTGGATCTACAAATGAACAACCTGAAACCTGAAGACACGGCCGTCTATCTCTGTTCGGGAGATCCTATTCGCCTGGTCCCCAGCGTCGCTTTTTGTGGTCGCGACTACGTGGACTACTGGGGTCGGGGGACCCAGGTCACCGTCTCC	ACTACATGAGCTGGGTCCGCCAGGCTCCAGGGAAGGGGCTGGAGTGGGTCTCAGTTATTTATAGCGGTGGTAGCACATACTACGCAGACTCCGTGAAGGGCCGATTCACCATCTCCAGAGACAATTCCAAGAACACGCTGTATCTTCAAATGAACAGCCTGAGAGCCGAGGACACGGCCGTGTATTACTGTGCGAGAGA-----------------------------------------ACTACTTTGACTACTGGGGCCAGGGAACCCTGGTCACCGTCTCC	CCCCCGGGGGGGGGGGGGGGGGGGGGGGGGF7DFECCEFEGGDCFFF8FFGG7:+C<FF99C9EFFCF9,C<<FEFFE9FFF<F7,,,8CEFEF77,5,,?F:+@CE95C9EDBEEF:>+@+++@:FFF++>BECFE+B+++>DF<FA,,D9<,@,,DFGD7C,>CF:,7>,@,>**>F:CCC*@FBFF,C,@1*=7**<CFGFGGG+BCE8*?;CEC7*B*;A*:?CFFG5;;*AF*:*/:C*9*:***39+9A++1)19))))/599<)73<6)CF3DD57?	CMGWFRQTPGKGCELVASTNTNGNIYLRYSVKGRFSISRANIRQTVDLQMNNLKPEDTAVYLCSGDPIRLVPSVAFCGRDYVDYWGRGTQVTVS	ACTGCATGGGCTGGTTCCGCCAGACTCCAGGGAAGGGGTGCGAATTGGTCGCAAGTACTAATACTAATGGTAACATCTACTTACGGNACTCCGTGAAGGGCCGATTCAGCATCTCCCGNGNGAACATCCGGCAAACGGTGGATCTACAAATGAACAACCTGAAACCTGAAGACACGGCCGTCTATCTCTGTTCGNGAGATCCTATTCGCCTGGTCCCCAGCGTCGCTTTTTGTGGTCGCGACTACGTGGACTACTGGGGTCGGGGGACCCAGGTCACCGTCTCC	CMGWFRQTPGKGCELVASTNTNGNIYLRXSVKGRFSISXXNIRQTVDLQMNNLKPEDTAVYLCSXDPIRLVPSVAFCGRDYVDYWGRGTQVTVS	4	
SRR3544218.71	IGHV3-66*02	74.20	1.30E-57	N/A	N/A	N/A	N/A	N/A	N/A	+	VH	False	GCATACCCTTACAGGCGCTACCGC	AYPYRRYR	ATTGAGCGTCGTTGTCGCATA	IERRCRI	N/A	N/A	GATGTGCAGCTGGTGGAGTCTGGGTGAGGCTCGGTGCAGGCGGGAGGGTCGCTGAGACTCTCCTGTGTAGCCTCCGCATACCCTTACAGGCGCTACCGCATGGGCTGGTTCCCCCATGCTCCAGGGAAGGAGCGCGAGCGGCTCGCATGTATTGAGCGTCGTTGTCGCATACACTACGCCGCCTCCGTCAAGGGCCGATTCCCCCTCTCCCCTGACCACTCCAACAACCCTCTCCATCTCCAACTCAACGCCCTCAAACCTGACCACACACCCCTGTACTCCT	GAGGTGCAGCTGGTGGAGTCTGGGGGAGGCTTGGTCCAGCCTGGGGGGTCCCTGAGACTCTCCTGTGCAGCCTCTGGATTCACCGTCAGTAGCAACTACATGAGCTGGGTCCGCCAGGCTCCAGGGAAGGGGCTGGAGTGGGTCTCAGTTATTTATAGCGGTGGTAGCACATACTACGCAGACTCCGTGAAGGGCCGATTCACCATCTCCAGAGACAATTCCAAGAACACGCTGTATCTTCAAATGAACAGCCTGAGAGCTGAGGACACGGCTGTGTATTACT	GDF<E<F9EFF8,C,,,6EFF,,,,,,CCFFD77F7CC98@++++++:BE7CC:+6,EEE?CDF@FDF,,9B?EF+=+?+:AEEF,B,,,ACCF+>A7F7F7,+A?7+A@C=,8@+,,@;@D,3,++,++,,@+@++****>::9:*4*><=C,,,4*:E*2**2;*8):*2*;1*;):)05C@@G00)-)*))04)((09)75(,-(427:((.5()-(.8,((((.(2(,(((6-646<.((.))(.((,47(())54.(((.,4(4(((4(((.).)),)	DVQLVESG*GSVQAGGSLRLSCVASAYPYRRYRMGWFPHAPGKERERLACIERRCRIHYAASVKGRFPLSPDHSNNPLHLQLNALKPDHTPLYS	GATGTGCAGCTGGTGGAGTCTGGGTGAGGCTCGGTGCAGGCNGGAGGGTCGCTGAGACTCTCCTGTGTAGCCTCCGCATACCCTTACAGGCGCTACCGCATGGGCTGGTTCCCCCANGCTCCAGGGAAGGNGCGCGAGNGGCTCGCATGTATTGAGCGTCGTTGTCGCATACACTACGCNGCCTCCGTCAAGGGCCGATTCNCCCTCTCCNCTGACNACTCCAACAACNCTCTCCATCTCCAANTCAACGCCCTCAAACCTGACCACACANCNCTGTACTNCT	DVQLVESG*GSVQXGGSLRLSCVASAYPYRRYRMGWFPXAPGKXREXLACIERRCRIHYXASVKGRFXLSXDXSNNXLHLQXNALKPDHTXLYX	13	
SRR3544218.72	IGHV3-NL1*01	79.21	7.99E-47	N/A	N/A	N/A	IGHJ1*01	93.33	5.05E-09	-	VH	False	AGGTACTGC	RYC	ATTTATACTGGTGGTGGTACCGCA	LYWWWYR	GCGGCCCGCGTAAGTCGCTGCTCGGTGGACCCCCTACGGCGCGCTCCGTATGGCAAT	GPRKSLLGGPPTARSVWQ	AGGTACTGCATGGGCTGGTTCCGCCAGATTCCGGACAAGGAGCGCGAGGGGGGTCGGAGTTATTTATACTGGTGGTGGTACCGCAGTTTATGCCGACTCCGTGAAGGGCCGATTCACCATCTCCCAAGACGACGCCAAGACCACGTTGTTTCTACAAATGAACAGCCTGAAACCTGAGGACACAGCCATGTACTACTGCGCGGCCCGCGTAAGTCGCTGCTCGGTGGACCCCCTACGGCGCGCTCCGTATGGCAATTGGGGCCAGGGGACCCAGGTCACCGTCTCC	AGCTATGGCATGCACTGGGTCCGCCAGGCTCCAGGCAAGGGGCTGGAGTGGG-TCTCAGTTATTTATAGCGGTGGTAGTAGCACATACTATGCAGACTCCGTGAAGGGCCGATTCACCATCTCCAGAGACAATTCCAAGAACACGCTGTATCTGCAAATGAACAGCCTGAGAGCTGAGGACACGGCTGTGTATTACTGTGCG------------------------------------------------------TGGGGCCAGGGCACCCTGGTCACCGTCTCC	=@7/074?57)5>>7)71))))0**CCC9*55:::+C<CC:7*:*C=CCC::8**<::3++3+++C:</*;/*C<+C;*A5EC7F<:++?*:**<2**1*7,<<=<<4*+<<,:,?,,?**,,,,FFC=*<=*8,,CC>>7>>*:,8@;99@,@,B@@,FF@,@8,,AD>><,,,CEF=C,B7BD,,F9F<C<AC3+@+>+FC+++=+A,F@@++C,7EB7C=C9EF@7+,,7>GGGGGEECCEFEFDGGGGFFF7>GGGGGGGGGGGGGGGGGGGGGGGGCCCCC	RYCMGWFRQIPDKEREGGRSYLYWWWYRSLCRLREGPIHHLPRRRQDHVVSTNEQPET*GHSHVLLRGPRKSLLGGPPTARSVWQLGPGDPGHRL	AGGTACNGCATGGGCTGGTTCCGCCAGATTCCGGACAAGGAGCGNGAGGGGGGTCGGAGTTATTTATACTGGTGGTGGTACCGCAGTTTATGCCGACTCCGTGAAGGGCCGATTCACCATCTCCNAAGACGACGCCAAGACCACGTTGTTTCTACAAATGAACAGCCTGAAACCTGAGGACACAGCCATGTACTACTGCGCGGCCCGCGTAAGTCGCTGCTCGGTGGACCCCCTACGGCGCGCTCCGTATGGCAATTGGGGCCAGGGGACCCAGGTCACCGTCTCC	RYXMGWFRQIPDKEXEGGRSYLYWWWYRSLCRLREGPIHHLXRRRQDHVVSTNEQPET*GHSHVLLRGPRKSLLGGPPTARSVWQLGPGDPGHRL	3	
SRR3544218.73	IGHV3-9*03	78.57	1.28E-19	N/A	N/A	N/A	IGHJ4*02	92.86	7.26E-08	+	VH	True	N/A	N/A	N/A	N/A	N/A	N/A	AGGGCCGATTCACCATCTCCAAAGACGCCGCCAAGGACACTCTAGATCTGCGCATGACCAGTTTGAAACCTGAAGACATTGGCATGTTCTACTGTTCAGTCGATTTCCCGTTCGCCTTTTGTAGTGATTATCCGAGTGATTTTCGTTGCTTGGGCCAGGGAACCCATGTCACCGTCTCC	AGGGCCGATTCACCATCTCCAGAGACAACGCCAAGAACTCCCTGTATCTGCAAATGAACAGTCTGAGAGCTGAGGACATGGCCTTGTATTACTGTGCA-----------------------------------------------------GGGCCAGGGAACCCTGGTCACCGTCTCC	<C<CCGGGGGGGGGGGGGGGFGGG?FGGG7FE+@E8<CDFGGG9,,<CC<F7F+C,,CF,,:EE,<<9EEF,6<,6C,,<6,CCE,CEFE9FFCC,C,,<C,,8,,<CF,,CC+7?CEEE,B,<<,5CE9E9F4++B7,AEFGF7E,,8A,,+,:6+++++6==83,6EC9FD+@>=C<	GRFTISKDAAKDTLDLRMTSLKPEDIGMFYCSVDFPFAFCSDYPSDFRCLGQGTHVTVS	AGGGCCGATTCACCATCTCCAAAGACGCCGCCAAGGACACTCTAGATCTGCGNATGACCAGTTTGAAACCTGAAGACATTGGCATGTTCTACTGTTCAGTCGATTTCCCGTTCGCCTTTTGTAGTGATTATCCGAGTGATTTTCGTTGCTTGGGCCAGGGAACCCANGTCACCGTCTCC	GRFTISKDAAKDTLDLXMTSLKPEDIGMFYCSVDFPFAFCSDYPSDFRCLGQGTXVTVS	2	
SRR3544218.74	IGHV3-66*02	65.60	9.41E-33	N/A	N/A	N/A	N/A	N/A	N/A	+	VH	False	GGACCGTCCTATGTGCTGTCTTTC	GPSYVLSF	CTTTTTGCTTATGTTCGTTAT	LFAYVRY	TCTCCCGCCCGCCTATGAGACGGTGACCTGGGTCCCC	SPARL*DGDLGP	GTGCAGCTGGTGGAGTCTGGGGGAGGATCGGTGCAGGCTGGAGGGTCTCTTATATTGACCTTCGCTTCCTCTGGACCGTCCTATGTGCTGTCTTTCATTGTCTTTTTCCGCCATTCTCCATGTTCGGATCGCTAGGGTTTCTCACTTCTTTTTGCTTATGTTCGTTATTACTATTCAGACTTCTTGAATGTCCGATTCACCTTCTCCAAAGACAAT------CTCACTCTTCTTCTTCAAATTCACAGCCTGAAACCTGCGCTCCCTGCCGTGTTTTACTGT	GTGCAGCTGGTGGAGTCTGGGGGAGGCTTGGTCCAGCCTGGGGGGTCCCTGAGACTCTCCTGTGCAGCCTCTGGATTCACCGTCAGTAGCAACTACATGAGCTGGGTCCGCCAGGCTCCAGGGAAGGGGCTGGAGTGGGTCTCAGTTATTTATAGCGGTGGTAGCACATACTACGCAGACTCCGTGAAGGGCCGATTCACCATCTCCAGAGACAATTCCAAGAACACGCTGTATCTTCAAATGAACAGCCTGAGAGCTGAGGACACGGCTGTGTATTACTGT	CGGGFGGGGGGGGGGGGGG9-+BCCF7CF@,F@EC9,7E,,@C,+B@@EF,,,,<C,,C@C,:,8B,B@@CE<,,CC+8B>F,F,,,,,,,:,<,9,<,,,9<,,<AEF+8?++,<CBF9,,,<@++8+8+8,++,,,,8A,?,,:?BDA,AF+7A,,>,,@,+8,+,8,33,8,3,,,7,8;,@@,,,,,37**@:=,@>,@F>>B,,,,,6,,4      ,,>,<22>CF,=<=,=,,,24,,4=,/:C,*+*22;**)))1)12);A)8)8)09*19*1	VQLVESGGGSVQAGGSLILTFASSGPSYVLSFIVFFRHSPCSDR*GFSLLFAYVRYYYSDFLNVRFTFSKDNXXLTLLLQIHSLKPALPAVFYC	GTGCAGCTGGTGGAGTCTGGGGGAGGATCGGTGCAGGCTGGAGGGTCTCTTATATTGACCTTCGCTTCCTCTGGACCGTCCTATGTGCTGTCTTTCATTGTCTTTTTCCGCCATTCTCCATGTTCGGATCGCTAGGGTTTCTCACTTCTTTTTGCTTATGTTCGTTATTACTATTCAGACTTCTTGAATGTCCGATTCACCTTCTCCAAAGACAAT------CTCACTCTTCTTCTTCAAATTCACAGCCTGAAACCTGNGCTCNCTGCCGTGTTTTACTGT	VQLVESGGGSVQAGGSLILTFASSGPSYVLSFIVFFRHSPCSDR*GFSLLFAYVRYYYSDFLNVRFTFSKDNXXLTLLLQIHSLKPXLXAVFYC	2	
SRR3544218.75	IGHV3-43*01	77.59	2.31E-08	N/A	N/A	N/A	IGHJ1*01	89.29	3.96E-06	-	VH	True	N/A	N/A	N/A	N/A	N/A	N/A	ATCTGCAAATAAACGGCCTGAATCATGAAGACACTGCCATGTACTACTGTGCATTAGACGGAGCGATTGAGTATTGTAACGGTGGCTTCTACCCGTACTTACTATACGTGGGTCAGGGGACCCAGGTCACCGTCTCC	ATCTGCAAATGAACAGTCTGAGAACTGAGGACACCGCCTTGTATTACTGTGCAAAAGA---------------------------------------------------GGGCCAGGGCACCCTGGTCACCGTCTCC	>,=9ECFA@+GGE>=4,,,4C@,,,CCGGFF@F@4,,<FE9CF?9EFFE<9,,,,E4@,E@CD@GF@EGFFCC<9CCEEC<@<C@,C,:7F7GFFCC<,9FFCFCC:8,EC<FFFF8<8F,8GGGD@@FECGCBAA-	LQINGLNHEDTAMYYCALDGAIEYCNGGFYPYLLYVGQGTQVTVS	ATCTGCAAATAAACGGCCTGAATCATGAAGACACTGCCATGTACTACTGTGCATTAGACGGAGCGATTGAGTATTGTAACGGTGGCTTCTACCCGTACTTACTATACGTGGGTCAGGGGACCCAGGTCACCGTCTCC	LQINGLNHEDTAMYYCALDGAIEYCNGGFYPYLLYVGQGTQVTVS	0	
SRR3544218.77	IGHV3-23*04	65.86	1.25E-34	N/A	N/A	N/A	N/A	N/A	N/A	+	VH	False	GATTACTCCGTTACCGCCTATTGT	DYSVTAYC	CTTGATGGTTATGCTTCCTTCA	LDGYASF	N/A	N/A	AGGTGCAGCTGGTGGAGTCTGGGGGTGGTTCGGCGCAGACTGGAGAATCTCTGATACTCTCCTTCACAACCTCTGATTACTCCGTTACCGCCTATTGTTTCCCTTGGTTCCCGCACTTTCCCCGCAAGGAGCGCGAAGTCATCGCTGCTCTTGATGGTTATGCTTCCTTCA---TCTACTCCGACTCCGTCAATTTCCGCTTCTCCATCTCCAGCGACAACCCCGTGCATACACTTCTTCTGCATATCCACACCCTTAAACCTTAGGACACTGCCATCTACTCCTCTGCG	AGGTGCAGCTGGTGGAGTCTGGGGGAGGCTTGGTACAGCCTGGGGGGTCCCTGAGACTCTCCTGTGCAGCCTCTGGATTCACCTTTAGCAGCTATGCCATGAGCTGGGTCCGCCAGGCTCCAGGGAAGGGGCTGGAGTGGGTCTCAGCTATTAGTGGTAGTGGTGGTAGCACATACTACGCAGACTCCGTGAAGGGCCGGTTCACCATCTCCAGAGACAATTCCAAGAACACGCTGTATCTGCAAATGAACAGCCTGAGAGCCGAGGACACGGCCGTATATTACTGTGCG	G<FFDGGGGGGGGGGGGGGGGF97@CEG;DE@7:CF7++:F,CEE8,:CFFFA,,,<CFGGGG,6,66,?BCFF,,<6,5,CE895,4,,+8B+5C,C,:,,:,5,,:49B,+6++65EA?,,++++8+B,3+8+++++,,37,3,353,3E3,@,,7,,7,,@,>>,;33   3@<,>,>,1*4*:?*@,*1,,,5B**44:+?B+2,>BC+++1:=**:*;:2****3+30+A+++0<:+:9+<?*+*3+*1</**0*250***/0)./9*950/)9*19)06)))9(	VQLVESGGGSAQTGESLILSFTTSDYSVTAYCFPWFPHFPRKEREVIAALDGYASFXXYSDSVNFRFSISSDNPVHTLLLHIHTLKP*DTAIYSSA	AGGTGCAGCTGGTGGAGTCTGGGGGTGGTTCGGCGCAGACTGGAGAATCTCTGATACTCTCCTTCACAACCTCTGATTACTCCGTTACCGCCTATTGTTTCCCTTGGTTCCCGCACTTTCCCCGCAAGGAGCGCGAAGTCATCGCTGCTCTTGATGGTTATGCTTCCTTCA-NNTCTACTCCGACTCCGTCAATTTCCGCTTCTCCATCTCCAGNGACAACCCCGTGCATACACTTCTTCTGCATATCCACACCCTTAAACCTTAGGACACTGCCATCTACTCCTCTGCG	VQLVESGGGSAQTGESLILSFTTSDYSVTAYCFPWFPHFPRKEREVIAALDGYASFXXYSDSVNFRFSISXDNPVHTLLLHIHTLKP*DTAIYSSA	3	
SRR3544218.78	IGHV3-66*02	78.37	2.12E-68	N/A	N/A	N/A	N/A	N/A	N/A	+	VH	True	GGATACAGTTTCACCACCTACTTT	GYSFTTYF	ATTGATACTCATAGTAGAACA	IDTHSRT	N/A	N/A	GTGCAGCTGGTGGAGTCTGGGGGAGGCTCGGTGCAGGCTGGAGGGTCTCTGAGACTCTCCTGTGCAGCCTCAGGATACAGTTTCACCACCTACTTTATGAGCTGGTTTCGCCAGGCCACAGGGAAGCAGCGCGAAGGGGTCGCATCTATTGATACTCATAGTAGAACAACCTACCCAGACTCCATGGAGTGCCGCTTCACCATCTCCCTAGACCACACCAAGAACACTCTGTATCTGCAAATGAACGACCTTAAACCTGATGACACAGCCATTTACTACTGT	GTGCAGCTGGTGGAGTCTGGGGGAGGCTTGGTCCAGCCTGGGGGGTCCCTGAGACTCTCCTGTGCAGCCTCTGGATTCACCGTCAGTAGCAACTACATGAGCTGGGTCCGCCAGGCTCCAGGGAAGGGGCTGGAGTGGGTCTCAGTTATTTATAGCGGTGGTAGCACATACTACGCAGACTCCGTGAAGGGCCGATTCACCATCTCCAGAGACAATTCCAAGAACACGCTGTATCTTCAAATGAACAGCCTGAGAGCTGAGGACACGGCTGTGTATTACTGT	GGFGGGGGGGGGGGGGGGGGDCEGGGGGD@EGEGGC,@F8CFF7+BFEFFD9,,:CEFGFE,C,C9CEEEE,,:,,,:,:<CE?<?,,C,C<FF,C9C,,5,C,,:ABE:CF+++:?,B8,,++4B,,4B+@::+++++8@=F+BB,,@F9@F9FB@A,:@DA,,,@,,<><,@<>9<,><DF,?>,,,26>DECGGC,BC9FGC=B<*+*+3+*1*;ECC**<<?F?CC+A7@CFFC9+1C777<2/9DD7***:CF4*964?4C)/7@*9*9?69?6**.	VQLVESGGGSVQAGGSLRLSCAASGYSFTTYFMSWFRQATGKQREGVASIDTHSRTTYPDSMECRFTISLDHTKNTLYLQMNDLKPDDTAIYYC	GTGCAGCTGGTGGAGTCTGGGGGAGGCTCGGTGCAGGCTGGAGGGTCTCTGAGACTCTCCTGTGCAGCCTCAGGATNCAGTTTCACCACCTACTTTATGAGCTGGTTTCGCCAGGCCNCAGGGAAGCNGCNCGAANGGGTCGCATCTATTGATACTCATAGTAGAACAACCTACCCAGACTCCATGGAGNGCCGCTTCACCATCTCCNTAGACNACACCAAGAACACTCTGTATCTGCAAATGAACGACCTTAAACCTGATGACACAGCCATTTACTACTGT	VQLVESGGGSVQAGGSLRLSCAASGXSFTTYFMSWFRQAXGKXXEXVASIDTHSRTTYPDSMEXRFTISXDXTKNTLYLQMNDLKPDDTAIYYC	8	
SRR3544218.79	IGHV3-NL1*01	73.33	2.88E-55	N/A	N/A	N/A	N/A	N/A	N/A	+	VH	False	TTCACCGGCAGTAGTCCCTGC	FTGSSPC	GCTGATCTCGGTGGTGGTCGAGAA	ADLGGGRE	TCGCCATGAGACGGTGACCTGGGTCCCCCGGGTCCAGTAGCACCCCATCTGAGGAGATGAGTCTGGCGCACAGTAATACATGGCCGT	SP*DGDLGPPGPVAPHLRR*VWRTVIHGR	CATGTGCAGCTGGTGGAGTCTGGGGGAGGCTCGGTGCAGGCTGGAGGGTCTGTGAGACTCTCCTGTGAA---------TTCACCGGCAGTAGTCCCTGCATGGGCTGGTTCCGCCAGGCTCCAGGGAAGGATCTCAAAGATCGCGAGGGAGTCGCGGCTGCTGATCTCGGTGGTGGTCGAGAAAACTATTCCGACTCCGTGAAGGGCCGATTCACCTTCTCCCAAAACAACGCCAGGACCACGACGTGGCTGCAAATGAACAACCTGAAACTTGACGCCACGGCCATGTATTACTGTTCG	CAGGTGCAGCTGGTGGAGTCTGGGGGAGGCGTGGTCCAGCCTGGGGGGTCCCTGAGACTCTCCTGTGCAGCGTCTGGATTCACCTTCAGTAGCTATGGCATGCACTGGGTCCGCCAGGCTCCAGGCAAGGGGCTG---------GAGTGGGTCTCAGTTATTTATAGCGGTGGTAGTAGCACATACTATGCAGACTCCGTGAAGGGCCGATTCACCATCTCCAGAGACAATTCCAAGAACACGCTGTATCTGCAAATGAACAGCCTGAGAGCTGAGGACACGGCTGTGTATTACTGTGCG	GGGGGGGGGGGGGGGGGGGGGGGDEGGGGGFGEDGGGFGFFF<FAFCCFFFGG9,,,CEGGGGG@F,ED         FEE9EF::FD@C<CEEFGG8F,C<,7FF77BEDECCC+4+DEGG8,,++,C78CFED99??DBB+B7+=:+++BF7:+>CB:FFFCFGGB77F7*C7*6>:**,*,,6C,CFFB7*<C@FEF***9+;EEC7:EF9EFGGGFECFF***2/*C:C5:*8*;F*:*/:8=*:7:7C+7+>+<9>77>CCC*6*0:@47@E*09559;;3?)@=8B*4@*6)<0	HVQLVESGGGSVQAGGSVRLSCEXXXFTGSSPCMGWFRQAPGKDLKDREGVAAADLGGGRENYSDSVKGRFTFSQNNARTTTWLQMNNLKLDATAMYYCS	CATGTGCAGCTGGTGGAGTCTGGGGGAGGCTCGGTGCAGGCTGGAGGGTCTGTGAGACTCTCCTGTGAA----NN-N-TTCACCGGCAGTAGTCCCNGCATGGGCTGGTTCCGCCAGGCTCCAGGGAAGGATCTCAAAGATCGCGAGNGAGTCGCGGCTGCTGATCTCGGTGGTGGTCGAGAAAACTATTCCGACTCCGTGAAGGGCCGATTCACCTTCTCCCAAAACAACGCCAGGACCACGACGTGGCTGCAAATGAACAACCTGAAACTTGACGNCACGGCCATGTATTACTGTTCG	HVQLVESGGGSVQAGGSVRLSCEXXXFTGSSPXMGWFRQAPGKDLKDREXVAAADLGGGRENYSDSVKGRFTFSQNNARTTTWLQMNNLKLDXTAMYYCS	6	
SRR3544218.80	IGHV3-30*03	72.51	1.33E-42	N/A	N/A	N/A	IGHJ4*03	95.24	1.50E-05	-	VH	True	GGATACGCGAGCAAAGCC	GYASKA	ATCGATGATGATGGTGATGAA	IDDDGDE	N/A	N/A	AGGAGCCAGCGACTAGCCTGCTTAGCCACTGGATACGCG------AGCAAAGCCATGGGCTGGTTCCGTCAGGCTCCAGGGAAGGAGCGCGAGGGGGTCGCCGCGATCGATGATGATGG---TGATGAAAGTTATGCAGATTCCGTGAAGGGCCGATTCACCGTCTCCCAGGATACCGCCAAGAATATTCTGTATCTGCAAATGAACAGCCTGAAACTTGAGGACACTGCCATGTACTACTGTGCGTTAGATATCTGTGATGCCGACTATAGTGAATATGCGACCACAACTGGGGAGGGGACCCAGGTCACCGTCTCC	AGGTCCCTGAGACTCTCCTGTGCAGCCTCTGGATTCACCTTCAGTAGCTATGGCATGCACTGGGTCCGCCAGGCTCCAGGCAAGGGGCTGGAGTGGGTGGCAGTTATATCATATGATGGAAGTAATAAATACTATGCAGACTCCGTGAAGGGCCGATTCACCATCTCCAGAGACAATTCCAAGAACACGCTGTATCTGCAAATGAACAGCCTGAGAGCTGAGGACACGGCTGTGTATTACTGTGCGAGAGA----------------------------------------------GGGACCCTGGTCACCGTCTCC	GEFFA6,8-(49(.((:7)7))*770*16*=7/.9)@58      00*CC99**7*GF:267:/***<**DC;***+9GFFCCEC:?*::CEEEEC:**>*5F>B>8,GGGGFBD@,FF   CFF9GFECF>,@,=<=F@+++8>9FGGFF@:,EF9F=@++6++,+,,FFAF@F::4,,GGFFC5<,,<9FAC,,,?,GFF9FFE<EE?<9FECFA8CFEEEFCF?8C,<FAFEFC9C,7F7FBE99EFFEC,,,C,FFBFCCGFEGGGGGFGGGEGEFCGGGGGGGGGGGGGGGGGGGGGGGGGGGGGGGGCCCC?	RSQRLACLATGYAXXSKAMGWFRQAPGKEREGVAAIDDDXXDESYADSVKGRFTVSQDTAKNILYLQMNSLKLEDTAMYYCALDICDADYSEYATTTGEGTQVTVS	AGGAGCCNGCGACTAGCCTGCTTAGCCNCTGGATACGCG-N--NNAGCAAAGCCATGGGCTGGTTCCGTCAGGCTCCAGGGAAGGNGCGCGAGGGGGTNGCCGCGATCGATGATGATGGNNNTGATGAAAGTTATGCAGATTCCGTGAAGGGCCGATTCACCGTCTCCCAGGATACCGCCAAGAATATTCTGTATCTGCAAATGAACAGCCTGAAACTTGAGGACACNGCCATGTACTACTGTGCGTTAGATATCTGTGATGCCGACTATAGTGAATATGCGACCACAACTGGGGAGGGGACCCAGGTCACCGTCTCC	RSXRLACLAXGYAXXSKAMGWFRQAPGKXREGXAAIDDDXXDESYADSVKGRFTVSQDTAKNILYLQMNSLKLEDXAMYYCALDICDADYSEYATTTGEGTQVTVS	11	
SRR3544218.81	IGHV3-66*01	80.44	9.41E-33	N/A	N/A	N/A	N/A	N/A	N/A	+	VH	True	GGAAAGACCAATGTCCTGAACTGC	GKTNVLNC	N/A	N/A	N/A	N/A	GATGTGCAGCTGGTGGAGTCTGGGGGAGGCTTGGTGCAGCCTGGAGGGTCTCTGAATCTCTCCTGTGCGGCCACTGGAAAGACCAATGTCCTGAACTGCATGGGCTGGTTCCGCCAGGCTCCGGGGAAGGAGCGCGAG	GAGGTGCAGCTGGTGGAGTCTGGGGGAGGCTTGGTCCAGCCTGGGGGGTCCCTGAGACTCTCCTGTGCAGCCTCTGGATTCACCGTCAGTAGCAACTACATGAGCTGGGTCCGCCAGGCTCCAGGGAAGGGGCTGGAG	GFGGGFGCGGGF,C8@8FGGGF88:@7FEEG@FFGCFFFGGFC88E7CFFFGGGCCDFFGGGGGFF<<,+@@+BF@8,,,,:BA=,B<FCFG9,,4A?F<F987AE=7FFE=+@:64BFFECE7E+8=++,3D+@>6+	DVQLVESGGGLVQPGGSLNLSCAATGKTNVLNCMGWFRQAPGKERE	GATGTGCAGCTGGTGGAGTCTGGGGGAGGCTTGGTGCAGCCTGGAGGGTCTCTGAATCTCTCCTGTGCGGCCNCTGGAAANACCAATGTCCTGAACTGCATGGGCTGGTTCCGCCAGGCTCCGGGGAAGGNGCNNGAG	DVQLVESGGGLVQPGGSLNLSCAAXGXTNVLNCMGWFRQAPGKXXE	5	
SRR3544218.82	IGHV3-72*01	91.11	1.04E-10	N/A	N/A	N/A	N/A	N/A	N/A	+	VH	True	N/A	N/A	N/A	N/A	N/A	N/A	GTGCAGCTGGTGGAGTCTGGTGGAGGCTCGGCCCAGACTGGAGGG	GTGCAGCTGGTGGAGTCTGGGGGAGGCTTGGTCCAGCCTGGAGGG	GGGGGFGGGCFCGFGGGGC8F@C8EFGGGGGGGGGGGGGC8<FED	VQLVESGGGSAQTGG	GTGCAGCTGGTGGAGTCTGGNGGAGGCTNGGCCCAGACTGGAGGG	VQLVESXGGXAQTGG	2	
SRR3544218.83	IGHV3-66*02	62.50	4.00E-27	N/A	N/A	N/A	N/A	N/A	N/A	+	VH	False	TGAGCCACCATTTTCTGGTTCTTC	*ATIFWFF	ATTGCAATTTATGGTCGTCCA	IAIYGRP	TCGTCTATCCGAGACGGTGACCTGGGTCCCCTGGCCCCAGTTAGCAAAGTACCCGCCATTATTGTCTGCCCTTTTCCCGAGCCACTGTTCTTATATC	SSIRDGDLGPLAPVSKVPAIIVCPFPEPLFLY	GATGTGCAGCTGGTGGAGTCTGGGGGAGGCTCTGTGCATTCTGGAGTTTCGCTTTTTCTCTCCTTTTTATCCTCTTGAGCCACCATTTTCTGGTTCTTCCTTGGCTTTTTCCGCCCTATTCCTGCCAAGTATCTCTTGGGTTTCTCATGTATTGCAATTTATGGTCGTCCACTCTACTCCGCCTCCTTGACTTTCCGATTCACCTTCTCCCACGCCCTCTCCACCCATCTTCTTTATCTTCACATGTACATCCTGTCCCCTTCTGACCCTGCCATTTACTACTGTTCG	GAGGTGCAGCTGGTGGAGTCTGGGGGAGGCTTGGTCCAGCCTGGGGGGTCCCTGAGACTCTCCTGTGCAGCCTCTGGATTCACCGTCAGTAGCAACTACATGAGCTGGGTCCGCCAGGCTCCAGGGAAGGGGCTGGAGTGGGTCTCAGTTATTTATAGCGGTGGTAGCACATACTACGCAGACTCCGTGAAGGGCCGATTCACCATCTCCAGAGACAATTCCAAGAACACGCTGTATCTTCAAATGAACAGCCTGAGAGCTGAGGACACGGCTGTGTATTACTGTGCG	GCGFGCFGDGGFFGG7FFGGGG9-+8+@+BEE,,C,;,,6EF,,6,,,;C,BC,,,,,<6CF<@,6,C,,669CC<,,,,6,:9,CF,,C,,,:,<C,6,:,,,:=,,9CC?,,8++,:C55,,,:,,,5,,5,9,,,,,++8?,5,,,:,:C,,,,,:,,:,,5,+8+6+,,87,7,5,++36@>,8,,,,,,55++3>@,8>,@<B,>4,,**3**6,5?,,,*15,??>C,1,>1:,4,,,4*,+4,,4;2*+**21>>**++3)*2*8;*;+:+11+11*13@(	DVQLVESGGGSVHSGVSLFLSFLSS*ATIFWFFLGFFRPIPAKYLLGFSCIAIYGRPLYSASLTFRFTFSHALSTHLLYLHMYILSPSDPAIYYCS	GATGTGCAGCTGGTGGAGTCTGGGGGAGGCTCTGTGCATTCTGGAGTTTCGCTTTTTCTCTCCTTTTTATCCTCTTGAGCCACCATTTTCTGGTTCTTCCTTGGCTTTTTCCGCCCTATTCCTGCCAAGTATCTCTTGGGTTTCTCATGTATTGCAATTTATGGTCGTCCACTCTACTCCGCCTCCTTGACTTTCCGATTCACCTTCTCCCACGNCCTCTCCACCCATCTTCTTTATCTTCANATGTACATCCTGTCCCCTTCTGACNCTGCCATTTACTACTGTTCG	DVQLVESGGGSVHSGVSLFLSFLSS*ATIFWFFLGFFRPIPAKYLLGFSCIAIYGRPLYSASLTFRFTFSHXLSTHLLYLXMYILSPSDXAIYYCS	3	
SRR3544218.84	IGHV3-30*10	93.33	4.90E-36	N/A	N/A	N/A	IGHJ1*01	93.10	1.91E-08	+	VH	True	N/A	N/A	N/A	N/A	N/A	N/A	CTCCGTGAAGGGCCGATTCACCATCTCCAGAGACAACGCCAAGAACACGCTGTATCTGCAAATGAACAGCCTGAAAACTGAGGACACTGCCGTGTATTACTGCGCCACTGGCTCCCCTGATAGCGACCCTGCTACCGCGTCCACGCGGGGCCAGGGGACCCAGGTCACCGTCTCC	CTCCGTGAAGGGCCGATTCACCATCTCCAGAGACAATTCCAAGAACACGCTGTATCTGCAAATGAACAGCCTGAGAGCTGAGGACACGGCTGTGTATTACTGTGC-----------------------------------------GGGGCCAGGGCACCCTGGTCACCGTCTCC	<BCC<FGG,E8CCCECFGCAEFFGGGGFA8,6,;FDEFEC@@FGDFFE:@FEFEGFF9DC9DFF9<FCCFGGGD,,@FF@,@,,:?FFEGGGEEGGFGFGF5EFGEGGED,AEFFGEC78E9@EEDCCGGFGGGFDEDEGCEED+C++@*@:*1*35*=EE5>FFG6FC4CD6CB	SVKGRFTISRDNAKNTLYLQMNSLKTEDTAVYYCATGSPDSDPATASTRGQGTQVTVS	CTCCGTGAAGGGCCGATTCACCATCTCCAGAGACAACGCCAAGAACACGCTGTATCTGCAAATGAACAGCCTGAAAACTGAGGACACNGCCGTGTATTACTGCGCCACTGGCTCCCCTGATAGCGACCCTGCTACCGCGTCCACGCGGGGCCAGGGGACCCAGGTCACCGTCTCC	SVKGRFTISRDNAKNTLYLQMNSLKTEDXAVYYCATGSPDSDPATASTRGQGTQVTVS	1	
SRR3544218.86	IGHV3-23*04	79.72	1.70E-74	N/A	N/A	N/A	N/A	N/A	N/A	+	VH	False	GGAAGGACCTACAGTAGACACTGC	GRTYSRHC	ATTTTTACTAGTGATGGTAGTCTC	IFTSDGSL	TCGGCTTGAGACGGTGACCTGGGTCCCC	SA*DGDLGP	GATGTGCAGCTGGTGGAGTCTGGGGGAGGCTCGGTGCAAGCTGGAGGGTCTCTGAGACTCTCCTGCGCACTCTCTGGAAGGACCTACAGTAGACACTGCATGGGCTGGTTCCGCCAGGTTCCAGGGAAGGGGCGCGAGAAGGTCGCAGCCATTTTTACTAGTGATGGTAGTCTCTACTACGCCGACGACGTGAAGGGGCGATTCACCATCTCCCGAGACGATTCCAAGGACACGGTGTATCTGCAAATGAACAGCCTGCAACCTGAGGCCAGTGCCATGTACTACTGTTCG	GAGGTGCAGCTGGTGGAGTCTGGGGGAGGCTTGGTACAGCCTGGGGGGTCCCTGAGACTCTCCTGTGCAGCCTCTGGATTCACCTTTAGCAGCTATGCCATGAGCTGGGTCCGCCAGGCTCCAGGGAAGGGGCTGGAGTGGGTCTCAGCTATTAGTGGTAGTGGTGGTAGCACATACTACGCAGACTCCGTGAAGGGCCGGTTCACCATCTCCAGAGACAATTCCAAGAACACGCTGTATCTGCAAATGAACAGCCTGAGAGCCGAGGACACGGCCGTATATTACTGTGCG	GGGGGGGGGGGGGGGGGGGGGGGFGGGGGGGGEEGGGGGCFGFFFF>7BFGGG9<,,CFGGGGF@E7FCFEFGGGCD<C,7,CFGCGD@E,??FAFG9E<F?,+EF7+BFFGBEC7+4BFGGF,,:78B@CCB7:@7@FC8,@F@FC:CC7FFGGGGGGCAFC9FF9F,<DFGG,,?F9F<FE77F7<EFGC**+BCEE5*:CFCEGFEFGGFFE***:*/:CFEE79*AF*C**:8E>?FG7CEC+:<39>C*9CF4C<C>D@77?3*0*7?6B71=?FFBF4<F664<0	DVQLVESGGGSVQAGGSLRLSCALSGRTYSRHCMGWFRQVPGKGREKVAAIFTSDGSLYYADDVKGRFTISRDDSKDTVYLQMNSLQPEASAMYYCS	GATGTGCAGCTGGTGGAGTCTGGGGGAGGCTCGGTGCAAGCTGGAGGGTCTCTGAGACTCTCCTGCGCACTCTCTGGAANGACCTACAGTAGACACTGCATGGGCTGGTTCCGCCAGGTTCCAGGGAAGGGGCGCGAGAAGGTCGCAGCCATTTTTACTAGTGATGGTAGTCTCTACTACGCCGACGACGTGAAGGGGCGATTCACCATCTCCCGAGACGATTCCAAGGACACGGTGTATCTGCAAATGAACAGCCTGCAACCTGAGGNCAGNGCCATGTACTACTGTTCG	DVQLVESGGGSVQAGGSLRLSCALSGXTYSRHCMGWFRQVPGKGREKVAAIFTSDGSLYYADDVKGRFTISRDDSKDTVYLQMNSLQPEXXAMYYCS	3	
SRR3544218.87	IGHV3-11*01	67.26	4.61E-28	N/A	N/A	N/A	N/A	N/A	N/A	+	VH	True	CGAACCCTCTACACTCTGAACTTT	RTLYTLNF	ATTTACCCTTTTCATCGTACTCCA	IYPFHRTP	N/A	N/A	AGCCTCTCGAACCCTCTACACTCTGAACTTTCTGGTCTGGTTCCGGCATGCTCCGGTGATGGAGCGCGAACAATTCGCTTCCTTTATTTACCCTTTTCATCGTACTCCACGTTATTCCGACTCCTTGAAGGGCCGCTTCACCATCTCCCAATACAACGACCAGAACACTCTGTATCTGCAAATGAACAGCCTGCAACCTGTGGACAATGCCATGTACTACTGTGCG	AGCCTCTGGATTCACCTTCAGTGACTACTACATGAGCTGGATCCGCCAGGCTCCAGGGAAGGGGCTGGAG---TGGGTTTCATACATTAGTAGTAGTGGTAGTACCATATACTACGCAGACTCTGTGAAGGGCCGATTCACCATCTCCAGGGACAACGCCAAGAACTCACTGTATCTGCAAATGAACAGCCTGAGAGCCGAGGACACGGCCGTGTATTACTGTGCG	<<,,6EA,,@,,6,9C<C<@,9@<,,,:6,96C,,,:6,,:9<4,++++,,:5?+++++<<=,,9+4+++@7,,55++3+85B@E,ACFA3,8@A=F=,37@=,@C,3,3++885,,,,63>F,,3,4,@8**6>*4;<C42,68=B;,,,,4:;+2**/**2*2*5=97:+442<C+<+++410*2**0*7D***0)0<*02*9>0*/009@F?*4*/6),.168	ASRTLYTLNFLVWFRHAPVMEREQFASFIYPFHRTPRYSDSLKGRFTISQYNDQNTLYLQMNSLQPVDNAMYYCA	AGCCTCTCGAACCCTCTACACTCTGAACTTTCTGGTCTGGTTCCGGCANGCTCCGGNGATGGAGCGCGAACAATTCGCTTCCTTTATTTACCCTTTTCATCGTACTCCACGTTATTCCGACTCCTTGAAGGGCCGCTTCACCATCTCCNAATACAACGACCAGAACACTCTGTATCTGCAAATGAACAGCCTGCAACCTGTGGACAANGCCATGTACTACTGTGCG	ASRTLYTLNFLVWFRXAPXMEREQFASFIYPFHRTPRYSDSLKGRFTISXYNDQNTLYLQMNSLQPVDXAMYYCA	4	
SRR3544218.88	IGHV3-30*12	83.72	5.90E-07	N/A	N/A	N/A	IGHJ4*02	94.44	1.70E-12	-	VH	False	N/A	N/A	N/A	N/A	N/A	N/A	CATGTGCAGCTGGTGGAGTCTGGGGGGGCAATGGTGCATGCTGCTAAACGGGGGAAAGGAGTATGGACTACTGGGGCCAGGGGACCCAGGTCACCGTCTCC	CAGGTGCAGCTGGTGGAGTCTGGGGGGGGCGTGGTCCAGCCTG----------------------GACTACTGGGGCCAGGGAACCCTGGTCACCGTCTCC	,E<C,=,FE9,EE,EECFC,7CCEFGFC,FD8FGGDCC,,@,E6,C,F7GFECAFGGGGFE9GGGGGFGFF>GGGF<GFGGGGGGGGGGGDFFFFFCCCCC	HVQLVESGGAMVHAAKRGKGVWTTGARGPRSPS	CANGTGCAGCTGGTGGAGTCTGGGGGGGCAATGGTGCATGCTGCTAAACGGGGGAAAGGAGTATGGACTACTGGGGCCAGGGGACCCAGGTCACCGTCTCC	XVQLVESGGAMVHAAKRGKGVWTTGARGPRSPS	1	
SRR3544218.89	IGHV3-66*02	73.24	2.88E-55	N/A	N/A	N/A	N/A	N/A	N/A	+	VH	False	GGAGACCCTACGTGTTGGGACGTC	GDPTCWDV	ATTCGGCGCGATGGTACTTTG	IRRDGTL	AGATCGGTTGGAGACGGTGACCTGGGTCCCC	RSVGDGDLGP	AGGTGCAGCTGGTGGAGTCTGGGGGAGACTCGGTGCAGGCTGGAGGGCGTCTGAGACTGTCCTGTAGAGCCTCTGGAGACCCTACGTGTTGGGACGTCATGAGCTGGCACCGCCAGGCCCCAGGGAAGCAGCGAGAGTTCGTGTCGGAGATTCGGCGCGATGGTACTTTGACCTACGCACCCTCCGTGGAGGGTCGATTCACCATTTCAAAGAACGCCGACAAGAACACGGTGTTTCTGGACATGAACACCCTGAAATCTGAGGATACGGCCACGTATTTCTGT	AGGTGCAGCTGGTGGAGTCTGGGGGAGGCTTGGTCCAGCCTGGGGGGTCCCTGAGACTCTCCTGTGCAGCCTCTGGATTCACCGTCAGTAGCAACTACATGAGCTGGGTCCGCCAGGCTCCAGGGAAGGGGCTGGAGTGGGTCTCAGTTATTTATAGCGGTGGTAGCACATACTACGCAGACTCCGTGAAGGGCCGATTCACCATCTCCAGAGACAATTCCAAGAACACGCTGTATCTTCAAATGAACAGCCTGAGAGCTGAGGACACGGCTGTGTATTACTGT	GGGGGGGGGGGGGGGGGGGGGGGGGGGGGGGGGGGGGGGGGGGGGGDGGGGGGC99FFFGGGFAFDFFGFFGGGGGGF?FFGG8FFF?FFCE>AFGFFCF9AFFF8AF@FGEEG77DDGGGD777BAFGGFG>C=C@FGFCFCFGCFCCCFGGG7FGC@FEDGGDCFFG9,>FA9CEE7FFGFFEEGCEEC*CCFG7EFF?GF6FGGF++9C6@C8EE5:ECEG*;FCFG=CCCEFFG7?CE?F477EFGGGGGC*:7:DF*9>6?@63<>E3F)75@6@@?6A	VQLVESGGDSVQAGGRLRLSCRASGDPTCWDVMSWHRQAPGKQREFVSEIRRDGTLTYAPSVEGRFTISKNADKNTVFLDMNTLKSEDTATYFC	AGGTGCAGCTGGTGGAGTCTGGGGGAGACTCGGTGCAGGCTGGAGGGCGTCTGAGACTGTCCTGTAGAGCCTCTGGAGACCCTACGTGTTGGGACGTCATGAGCTGGCNCCGCCAGGCCCCAGGGAAGCAGCGAGAGTTCGTGTCGGAGATTCGGCGCGATGGTACTTTGACCTACGCANCCTCCGTGGAGGGTCGATTCACCATTTCAAAGAACGCCGACAAGAACACGGTGTTTCTGGACATGAACACCCTGAAATCTGAGGATACGGCCACGTATTTCTGT	VQLVESGGDSVQAGGRLRLSCRASGDPTCWDVMSWXRQAPGKQREFVSEIRRDGTLTYAXSVEGRFTISKNADKNTVFLDMNTLKSEDTATYFC	2	
SRR3544218.90	IGHV3-7*03	69.31	1.36E-27	N/A	N/A	N/A	IGHJ4*02	94.87	3.12E-14	-	VH	True	N/A	N/A	CTTTATACCGGGGGCGGAGAACCA	LYTGGGEP	GAGGCATCTTGGAGCCGCCCTCTCTCTCTCGTTGGGAAGGTAGAAGTTGGAGAGGATGCATTTGACTAC	EASWSRPLSLVGKVEVGEDAFDY	TGGGCTGGTGCCGCAAGAGTCCAGGGCACCACCGCGAGGTGGTAGCGAAGCTTTATACCGGGGGCGGAGAACCATTATATAGCGACGAAGTGGAGGGCCGATTCACAATCTCCAACGACAACGCCAAGAAAACTGTCTATCTGAAAATGAACAGCCTGAAACCAGACGACACCGCCATGTACTACTGTGAGGCATCTTGGAGCCGCCCTCTCTCTCTCGTTGGGAAGGTAGAAGTTGGAGAGGATGCATTTGACTACTGGGGCCAGGGGACCCAGGTCACCGTCTCC	TGAGCTGGGTCCGCCAGGCTCCAGGGAAGGGGCTGGAGTGGGTGGCCAACATAAAGCAAGATGGAAGTGAGAAATACTATGTGGACTCTGTGAAGGGCCGATTCACCATCTCCAGAGACAACGCCAAGAACTCACTGTATCTGCAAATGAACAGCCTGAGAGCCGAGGACACGGCCGTGTATTACTGTG-----------------------------------------------------------TTTGACTACTGGGGCCAGGGAACCCTGGTCACCGTCTCC	.80.0).)7)1):/*F@692*/*797/95/2*/1*FC7<77:**A*CA3+C<998:3**C:*:8*9GGFC>,?CF;49=1*ECEB*?2,CFEGGEF>*7CF93,@3,D,,,,8+DCFGBFC+8CEGF<FC,>,FF>,9C,,F?,GGFCFFFDFA,,CF=FA<CFDB+FF@=F@?=,FFF<C<9FCCFEB,EC,E<,C,=448+BB@BB,6,F7F@+CEFCGGGEEFFFGGGGFFCAGGGGGGFGGGGGGGGGGGGGFCGGGGGGGGGGGGGGGGGGGGGGGGCCCCC	GWCRKSPGHHREVVAKLYTGGGEPLYSDEVEGRFTISNDNAKKTVYLKMNSLKPDDTAMYYCEASWSRPLSLVGKVEVGEDAFDYWGQGTQVTVS	TGGGCTGGNNCCGCNAGAGTCCAGGGCACCACCNCGAGGTGGTAGCGAAGNTTTATACCGGGGGCGGAGAACCATTATATAGCGACGAAGTGGAGGGCCGATTCACNATCTCCAANGACAACGCCAAGAAAACTGTCTATCTGNAAATGAACAGCCTGAAACCAGACGACACCGCCATGTACTACTGTGAGGCATCTTGGAGCCGCCCTCTCTCTCTCGTTGGGAAGGTAGAAGTTGGAGAGGATGCATTTGACTACTGGGGCCAGGGGACCCAGGTCACCGTCTCC	GWXRXSPGHHXEVVAKXYTGGGEPLYSDEVEGRFXISXDNAKKTVYLXMNSLKPDDTAMYYCEASWSRPLSLVGKVEVGEDAFDYWGQGTQVTVS	8	
SRR3544218.92	IGHV3-23*05	80.71	1.60E-66	N/A	N/A	N/A	N/A	N/A	N/A	+	VH	True	GTAGGCACCTTAAATCGCTTTGAC	VGTLNRFD	ATTTATAGTGGTCGTATTAGCCCA	IYSGRISP	N/A	N/A	GTGCAGCTGGTGGAGTCTGGGGGAGGCTTGGTGCAGCCTGGGGGCTCTCTGAGACTCACCTGTGCAGCCTCCGTAGGCACCTTAAATCGCTTTGACATGAGTTGGATCCGTCAGGCTCCAGGGAATGGGCTCGATTGGGTCTCAGCTATTTATAGTGGTCGTATTAGCCCATACTATGCAGCCACCGTGCACGTCCGATTCACCCCCCCCCAACCCAACGCCAAGAACATTCAATATCTGCCAATCCTCAGCCT	GTGCAGCTGTTGGAGTCTGGGGGAGGCTTGGTACAGCCTGGGGGGTCCCTGAGACTCTCCTGTGCAGCCTCTGGATTCACCTTTAGCAGCTATGCCATGAGCTGGGTCCGCCAGGCTCCAGGGAAGGGGCTGGAGTGGGTCTCAGCTATTTATAGCAGTGGTAGTAGCACATACTATGCAGACTCCGTGAAGGGCCGGTTCACCATCTCCAGAGACAATTCCAAGAACACGCTGTATCTGCAAATGAACAGCCT	EF@FCFGF<8C,,,CFFF9,,+6+8@FGGDFF@FGFGGG88,@7+@CFFF9,<@FFFF<FGFG@E,5AFFFGC,,,4:,BFGE,55EEGGCEF<<FCF@,49C,,A@:A,9A4+,E>EE,,,+:E,,,,8,>C6,6>,,@=@A,,@=,@=D,7=E?@,@++66,+<,:*0+59A9C23<?+*45;6:9**0*/*/5**554*:0((((..(66((/((-4-(((.(.3(.).-..))..-).)).(.)--,4:?	VQLVESGGGLVQPGGSLRLTCAASVGTLNRFDMSWIRQAPGNGLDWVSAIYSGRISPYYAATVHVRFTPPQPNAKNIQYLPILS	GTGCAGCTGGTGGAGTCTGGGGGAGGCTTGGTGCAGCCTGGGGGCTCTCTGAGACTCNCCTGTGCAGCCTCCGNAGGCACCTTAAATCGCTTTGACATGAGTTGGATCCGTCAGGCTCCAGGGAANGGGCTCGATTGGGTCTCAGCTATTTATAGTGGTCGTATTAGCCCATACTATGCAGCCNCCGTGCACGTCCGATTCACCCNCNCCCAANNCAACGCCAAGAACATTCAATATCTGCNAATCCTCAGCCT	VQLVESGGGLVQPGGSLRLXCAASXGTLNRFDMSWIRQAPGXGLDWVSAIYSGRISPYYAAXVHVRFTXXQXNAKNIQYLXILS	9	
SRR3544218.93	IGHV3-53*01	75.52	6.78E-61	N/A	N/A	N/A	N/A	N/A	N/A	+	VH	False	GGGCACACTGACAGTATCGACAGT	GHTDSIDS	ATTGATGATGATGATACAACA	IDDDDTT	GGAGACGGTGACCTGGGTCCCC	GDGDLGP	GTGCAGCTGGTGGAGTCTGGGGGAGACTCGGTGCAGGCTGGAGGAACTCTGAGACTCTCCTGTGTAGCCTCTGGGCACACTGACAGTATCGACAGTCTCATCACAATGGGCTGGTTCCGGCAGACTCCAGGAAAGGAGCGCGAGGGGGTCGCTGTTATTGATGATGATGATACAACAAGATATGCGGACTCCGTGAAGGGCCGCTTCACCATCTCCGTAGACAATGCCGATAAAGCTCTGTATCTCCAGATGAATAACCTGAGACCCGAGGACACTGCCATGTACTTCTG	GTGCAGCTGGTGGAGTCTGGAGGAGGCTTGATCCAGCCTGGGGGGTCCCTGAGACTCTCCTGTGCAGCCTCTGGGTTCACCGTCAGTAGCAACTAC---------ATGAGCTGGGTCCGCCAGGCTCCAGGGAAGGGGCTGGAGTGGGTCTCAGTTATTTATAGCGGTGGTAGCACATACTACGCAGACTCCGTGAAGGGCCGATTCACCATCTCCAGAGACAATTCCAAGAACACGCTGTATCTTCAAATGAACAGCCTGAGAGCCGAGGACACGGCCGTGTATTACTG	GGGGGGGGGGGGGGGGGGGGGGGGGGGGGGGGGGGGGGGGGGGGDGGGGGGA9@FGGGGGG8FCGGGGFFGG8EFGGF@FGGFGCCFFFGEFGC7FFFGFGGFG99EECFFF77FFFG@EF7BCFFGGC@C7=@FGC@DCF7CEDE77FGGGGGGFCFGFFGGCF9FF@FG,DC@CCF:AD9F,CCGDFCFGGGCGC97@;EEGGGEFGGFGF9<C*ACCEC98E7EF=E*:*<+??CG:CCD97<F?FC=*;*:>FGCC)8<=@9F385C7..8FFFF)=>F?A<DD@)	VQLVESGGDSVQAGGTLRLSCVASGHTDSIDSLITMGWFRQTPGKEREGVAVIDDDDTTRYADSVKGRFTISVDNADKALYLQMNNLRPEDTAMYF	GTGCAGCTGGTGGAGTCTGGGGGAGACTCGGTGCAGGCTGGAGGAACTCTGAGACTCTCCTGTGTAGCCTCTGGGCACACTGACAGTATCGACAGTCTCATCACAATGGGCTGGTTCCGGCAGACTCCAGGAAAGGAGCGCGAGGGGGTCGCTGTTATTGATGATGATGATACAACAAGATATGCGGACTCCGTGAAGGGCCGCTTCACCATCTCCGTAGACAATGCCGATAAAGCTCTGTATCTCCAGATGAATAACCTGAGACCCGAGGACACNGCCATGTACTTCTG	VQLVESGGDSVQAGGTLRLSCVASGHTDSIDSLITMGWFRQTPGKEREGVAVIDDDDTTRYADSVKGRFTISVDNADKALYLQMNNLRPEDXAMYF	1	
SRR3544218.95	IGHV3-64*04	91.78	5.77E-22	N/A	N/A	N/A	N/A	N/A	N/A	+	VH	False	N/A	N/A	N/A	N/A	N/A	N/A	CATGTGCAGCTGGTGGAGTCTGGGGGAGGCTCGGTGCAGGCTGGAGGGTCTCTGAGACTCTCCTGTTCAGCCT	CAGGTGCAGCTGGTGGAGTCTGGGGGAGGCTTGGTCCAGCCTGGGGGGTCCCTGAGACTCTCCTGTTCAGCCT	GGGGGGGGGGGGGGGGGGGGGGGGGGGGGGGGGGGGGGGGGGGGGGGGGGGGGGFD9EGGGGGGFGGGGGGGG	HVQLVESGGGSVQAGGSLRLSCSA	CANGTGCAGCTGGTGGAGTCTGGGGGAGGCTNGGTNCAGGCTGGAGGGTCTCTGAGACTCTCCTGTTCAGCCT	XVQLVESGGGXXQAGGSLRLSCSA	3	
SRR3544218.96	IGHV3-66*02	78.12	2.45E-69	N/A	N/A	N/A	N/A	N/A	N/A	+	VH	True	GGATACAGCAAAACTAACTACTTC	GYSKTNYF	ATTCGTCGTGATGGTGATGAA	IRRDGDE	N/A	N/A	GATGTGCAGCTGGTGGAGTCTGGGGGAGACTCGGTGCAGGCTGGAGGGTCTCTGAGACTCTCCTGTGCAGTATCTGGATACAGCAAAACTAACTACTTCCTGGCATGGTTCCGTCAGGCTTCAGGGAAGGAGCGCGAGGGGATCGCAGGTATTCGTCGTGATGGTGATGAATACTATGCCGACTCCGTGAAGGGCCGATTCACCATCTCCCAGGACAACGCCAAGAACATAATATATCTGCAAATGAGCAGTCTGACACCTGACGATACTGCCATGTATTACTGTGCG	GAGGTGCAGCTGGTGGAGTCTGGGGGAGGCTTGGTCCAGCCTGGGGGGTCCCTGAGACTCTCCTGTGCAGCCTCTGGATTCACCGTCAGTAGCAACTACATGAGCTGGGTCCGCCAGGCTCCAGGGAAGGGGCTGGAGTGGGTCTCAGTTATTTATAGCGGTGGTAGCACATACTACGCAGACTCCGTGAAGGGCCGATTCACCATCTCCAGAGACAATTCCAAGAACACGCTGTATCTTCAAATGAACAGCCTGAGAGCTGAGGACACGGCTGTGTATTACTGTGCG	GGGGGGGGGGGGGGGGGGGGGGGGGGGGGGGGGGGGGGGGGGGGGGDGGGGGGGD9AFGGGGGGEFCGGGFFGGGGCGGGGCFGGGGGGGEFGGGGGFFGG<8FFGC8FFGGGGGC7,EFGGGF9@FGGGGGF@FGEGGGD7FFEGGDDFAFGGGGGGFCFGGGGGCFGGDGFGGDFFCFCGFEGGDGGGGF7@;EEGGGGGGGCGGGGGFGFCGGFFF=EECE*:@EGGGCGDGGGGGGFFCCGF?7CF?FGG=CGGGGG44?@DFFCF:FFGF4@=FFF@FFAFFF	DVQLVESGGDSVQAGGSLRLSCAVSGYSKTNYFLAWFRQASGKEREGIAGIRRDGDEYYADSVKGRFTISQDNAKNIIYLQMSSLTPDDTAMYYCA	GATGTGCAGCTGGTGGAGTCTGGGGGAGACTCGGTGCAGGCTGGAGGGTCTCTGAGACTCTCCTGTGCAGTATCTGGATACAGCAAAACTAACTACTTCCTGGCATGGTTCCGTCAGGCTTCAGGGAAGGAGCGCGAGNGGATCGCAGGTATTCGTCGTGATGGTGATGAATACTATGCCGACTCCGTGAAGGGCCGATTCACCATCTCCCAGGACAACGCCAAGAACATAATATATCTGCAAATGAGCAGTCTGACACCTGACGATACTGCCATGTATTACTGTGCG	DVQLVESGGDSVQAGGSLRLSCAVSGYSKTNYFLAWFRQASGKEREXIAGIRRDGDEYYADSVKGRFTISQDNAKNIIYLQMSSLTPDDTAMYYCA	1	
SRR3544218.97	IGHV3-7*01	81.75	7.08E-31	N/A	N/A	N/A	N/A	N/A	N/A	+	VH	False	GACGATCCCTATAGGAGCTACTGC	DDPYRSYC	N/A	N/A	N/A	N/A	GTGCAGCTGGTGGAGTCTGGGGGAGGCCCGGTGCAGGCTGGAGGGTCTCTGAGACTCTCCTGTAAATCATCAGACGATCCCTATAGGAGCTACTGCATGGGCTGGTTCCGCCAGGCTCCAGGGAAG	GTGCAGCTGGTGGAGTCTGGGGGAGGCTTGGTCCAGCCTGGGGGGTCCCTGAGACTCTCCTGTGCAGCCTCTGGATTCACCTTTAGTAGCTATTGGATGAGCTGGGTCCGCCAGGCTCCAGGGAAG	GGGGGGGGGGGGGDGGGGGDAFEEGGEGEEGGGGGGGGGFCFGGGGGGGGGGGGGGGGGGGGGECAFGGGGFFFA:CFDEGGAFGAGGGGGGGGGGGGGGCCEGCEFGDCCCCCGGCFGGFFD@FC	VQLVESGGGPVQAGGSLRLSCKSSDDPYRSYCMGWFRQAPGK	GTGCAGCTGGTGGAGTCTGGGGGAGGCCCGGTGCAGGCTGGAGGGTCTCTGAGACTCTCCTGTAAATCATCAGACGATCCCTATAGGAGCTACTGCATGGGCTGGTTCCGCCAGGCTCCAGGGAAG	VQLVESGGGPVQAGGSLRLSCKSSDDPYRSYCMGWFRQAPGK	0	
SRR3544218.99	IGHV1-58*01	85.37	5.90E-07	N/A	N/A	N/A	N/A	N/A	N/A	+	VH	True	N/A	N/A	N/A	N/A	GCGGCAGATCGCTTCGCCGACGCCTCTATAGCGACTATGGCGGGTACCCTCTTTGAGTAT	AADRFADASIATMAGTLFEY	CTGAAACCTGAGGACACTGCCGTCTACTACTGTGCGGCAGA	CTGAGATCCGAGGACACGGCCGTGTATTACTGTGCGGCAGA	CGGGGGGGGEFGGCFFFGGGGGEFFGGGGFGGG9FEGGGG?	LKPEDTAVYYCAA	CTGAAACCTGAGGACACNGCCGTCTACTACTGTGCGGCAGA	LKPEDXAVYYCAA	1	
SRR3544218.100	IGHV3-69-1*02	94.29	6.80E-08	N/A	N/A	N/A	N/A	N/A	N/A	+	VH	True	N/A	N/A	N/A	N/A	N/A	N/A	GAGGTGCAGCTGGTGGAGTCTGGGGGAGACTCGGT	GAGGTGCAGCTGGTGGAGTCTGGGGGAGGCTTGGT	GGGGGGGGGGGGCFFGGGGGGGF<F+@FEGGGFGG	EVQLVESGGDS	GAGGTGCAGCTGGTGGAGTCTGGGGGAGACTNGGT	EVQLVESGGDX	1	
